Year,Ticker,Name,Sector,Market_Regime,Regime_Code,Stress_Event,Drawdown_3Y,Drawdown_Velocity,MA_Cross_Spread,Dist_200DMA,Debt_Equity,Interest_Coverage,OCF_Consistency,CapEx_Intensity,Infrastructure_Moat,Replacement_Cost_Barrier,Regulatory_Protection,Asset_Moat_Score,Power_Grid_Load_Index,Commodity_Supply_Deficit,Logistics_Bottleneck_Index,AI_Vulnerability_Score,Actual_3Y_CAGR,Actual_Success,Actual_Max_DD
2006,POWERGRID.NS,Power Grid Corp,Power & Grid,Expansion,0,Global Bull Run,-0.238,0.102,0.116,0.159,1.376,1.72,0.913,0.892,0.89,0.94,0.9,0.91,0.521,0.738,0.677,0.021,0.1677,True,-0.165
2006,NTPC.NS,NTPC Limited,Power & Grid,Expansion,0,Global Bull Run,-0.192,0.115,0.093,0.175,1.427,1.38,0.845,0.825,0.904,0.906,0.9,0.904,0.532,0.701,0.657,0.035,0.1688,True,-0.132
2006,ONGC.NS,ONGC,Oil & Gas / Energy,Expansion,0,Global Bull Run,-0.113,0.064,0.04,0.114,0.429,3.47,0.98,0.937,0.925,0.958,0.55,0.843,0.522,0.733,0.631,0.076,0.1948,True,-0.097
2006,COALINDIA.NS,Coal India,Mining & Resources,Expansion,0,Global Bull Run,-0.13,0.054,0.034,0.051,0.095,5.87,0.98,0.783,0.831,0.857,0.55,0.77,0.523,0.686,0.641,0.02,0.2588,True,-0.101
2006,RELIANCE.NS,Reliance Industries,Energy & Infrastructure,Expansion,0,Global Bull Run,-0.096,0.066,0.021,0.181,0.557,2.26,0.98,0.856,0.818,0.941,0.55,0.794,0.562,0.718,0.672,0.107,0.1663,True,-0.063
2006,TATAPOWER.NS,Tata Power,Power & Grid,Expansion,0,Global Bull Run,-0.104,0.051,0.162,0.109,1.321,1.27,0.843,0.748,0.821,0.866,0.9,0.856,0.527,0.717,0.671,0.106,0.1435,True,-0.088
2006,IOC.NS,Indian Oil Corp,Oil & Gas / Energy,Expansion,0,Global Bull Run,-0.187,0.1,0.165,0.062,0.925,1.69,0.888,0.733,0.772,0.869,0.55,0.75,0.545,0.72,0.628,0.048,0.148,True,-0.127
2006,BPCL.NS,Bharat Petroleum,Oil & Gas / Energy,Expansion,0,Global Bull Run,-0.071,0.037,0.149,0.198,1.071,1.61,0.939,0.785,0.807,0.789,0.55,0.736,0.539,0.669,0.628,0.093,0.1249,True,-0.073
2006,LT.NS,Larsen & Toubro,Infrastructure,Expansion,0,Global Bull Run,-0.061,0.038,0.103,0.158,1.03,1.63,0.934,0.787,0.823,0.889,0.55,0.778,0.542,0.738,0.687,0.095,0.1289,True,-0.05
2006,ADANIPORTS.NS,Adani Ports & SEZ,Logistics & Ports,Expansion,0,Global Bull Run,-0.068,0.045,0.043,0.113,1.327,1.12,0.916,0.92,0.921,0.99,0.9,0.94,0.579,0.679,0.664,0.086,0.1396,True,-0.066
2006,TATASTEEL.NS,Tata Steel,Metals & Mining,Expansion,0,Global Bull Run,-0.186,0.129,0.027,0.134,1.126,1.46,0.955,0.864,0.862,0.973,0.55,0.823,0.561,0.661,0.651,0.053,0.1612,True,-0.128
2006,HINDALCO.NS,Hindalco Industries,Metals & Mining,Expansion,0,Global Bull Run,-0.065,0.028,0.061,0.149,0.893,1.6,0.98,0.797,0.866,0.893,0.55,0.796,0.569,0.704,0.652,0.064,0.1308,True,-0.068
2006,JSWSTEEL.NS,JSW Steel,Metals & Mining,Expansion,0,Global Bull Run,-0.073,0.033,0.123,0.028,1.271,1.31,0.869,0.832,0.915,0.967,0.55,0.842,0.53,0.732,0.659,0.051,0.1227,True,-0.068
2006,ULTRACEMCO.NS,UltraTech Cement,Infrastructure Materials,Expansion,0,Global Bull Run,-0.108,0.072,0.072,0.167,0.36,2.97,0.98,0.823,0.855,0.858,0.55,0.78,0.559,0.728,0.663,0.077,0.1829,True,-0.085
2006,GRASIM.NS,Grasim Industries,Infrastructure Materials,Expansion,0,Global Bull Run,-0.091,0.049,0.112,0.113,0.627,1.93,0.98,0.707,0.795,0.802,0.55,0.736,0.532,0.718,0.632,0.062,0.1626,True,-0.063
2006,CONCOR.NS,Container Corp of India,Logistics & Ports,Expansion,0,Global Bull Run,-0.164,0.067,0.174,0.189,0.021,10.23,0.98,0.744,0.75,0.87,0.9,0.83,0.538,0.691,0.678,0.062,0.2614,True,-0.144
2006,BHARTIARTL.NS,Bharti Airtel,Telecom & Digital Infra,Expansion,0,Global Bull Run,-0.222,0.118,0.16,0.166,1.451,1.22,0.868,0.832,0.936,0.99,0.9,0.946,0.562,0.716,0.639,0.159,0.1721,True,-0.223
2006,SIEMENS.NS,Siemens India,Capital Goods,Expansion,0,Global Bull Run,-0.11,0.049,0.162,0.081,0.01,14.16,0.98,0.7,0.765,0.782,0.55,0.717,0.543,0.668,0.656,0.174,0.2204,True,-0.096
2006,ABB.NS,ABB India,Capital Goods,Expansion,0,Global Bull Run,-0.225,0.12,0.143,0.055,0.01,11.83,0.98,0.624,0.746,0.737,0.55,0.694,0.557,0.667,0.614,0.243,0.2256,True,-0.207
2006,BHEL.NS,BHEL,Capital Goods,Expansion,0,Global Bull Run,-0.162,0.124,0.024,0.212,0.393,1.28,0.98,0.729,0.817,0.807,0.55,0.747,0.57,0.716,0.643,0.107,0.1771,True,-0.117
2006,SBIN.NS,State Bank of India,Banking & Credit,Expansion,0,Global Bull Run,-0.139,0.07,0.087,0.062,1.395,1.34,0.814,0.524,0.623,0.624,0.55,0.605,0.541,0.721,0.611,0.262,0.0354,False,-0.086
2006,HDFCBANK.NS,HDFC Bank,Banking & Credit,Expansion,0,Global Bull Run,-0.215,0.122,0.084,0.139,1.221,1.57,0.816,0.452,0.524,0.548,0.55,0.539,0.558,0.664,0.64,0.333,0.0424,False,-0.221
2006,ICICIBANK.NS,ICICI Bank,Banking & Credit,Expansion,0,Global Bull Run,-0.062,0.032,0.082,0.145,1.273,1.26,0.743,0.537,0.499,0.579,0.55,0.54,0.547,0.704,0.685,0.299,0.043,False,-0.065
2006,AXISBANK.NS,Axis Bank,Banking & Credit,Expansion,0,Global Bull Run,-0.236,0.146,0.155,0.015,1.358,1.1,0.717,0.422,0.463,0.543,0.55,0.513,0.569,0.683,0.619,0.35,0.0388,False,-0.245
2006,BAJFINANCE.NS,Bajaj Finance,NBFC & Consumer Credit,Expansion,0,Global Bull Run,-0.052,0.03,0.08,0.173,1.453,1.22,0.714,0.411,0.498,0.52,0.55,0.519,0.54,0.734,0.679,0.373,0.0096,False,-0.051
2006,TCS.NS,Tata Consultancy Services,IT & Software Services,Expansion,0,Global Bull Run,-0.172,0.142,0.165,0.029,0.029,18.16,0.98,0.239,0.192,0.252,0.55,0.302,0.539,0.736,0.686,0.827,0.0301,False,-0.142
2006,INFY.NS,Infosys,IT & Software Services,Expansion,0,Global Bull Run,-0.232,0.126,0.029,0.125,0.037,13.66,0.98,0.21,0.218,0.221,0.55,0.302,0.546,0.731,0.638,0.812,0.0213,False,-0.228
2006,WIPRO.NS,Wipro Ltd,IT & Software Services,Expansion,0,Global Bull Run,-0.109,0.083,0.034,0.217,0.124,6.97,0.95,0.214,0.157,0.235,0.55,0.283,0.542,0.69,0.675,0.925,-0.0116,False,-0.106
2006,HCLTECH.NS,HCL Technologies,IT & Software Services,Expansion,0,Global Bull Run,-0.228,0.124,0.022,0.108,0.076,9.45,0.98,0.227,0.223,0.275,0.55,0.323,0.523,0.67,0.619,0.795,0.0356,False,-0.203
2006,ITC.NS,ITC Ltd,FMCG & Agri,Expansion,0,Global Bull Run,-0.248,0.101,0.027,0.197,0.01,20.79,0.98,0.494,0.445,0.532,0.55,0.502,0.552,0.739,0.616,0.155,0.2267,True,-0.214
2006,HINDUNILVR.NS,Hindustan Unilever,FMCG,Expansion,0,Global Bull Run,-0.241,0.154,0.172,0.197,0.01,20.96,0.98,0.365,0.376,0.417,0.55,0.434,0.547,0.71,0.632,0.149,0.1881,True,-0.187
2006,SUNPHARMA.NS,Sun Pharma,Pharma & Healthcare,Expansion,0,Global Bull Run,-0.188,0.083,0.13,0.044,0.094,5.97,0.98,0.558,0.545,0.553,0.55,0.549,0.575,0.726,0.686,0.273,0.1747,True,-0.152
2006,CPSEETF.NS,CPSE ETF (PSU Giants),PSU ETF Basket,Expansion,0,Global Bull Run,-0.053,0.038,0.115,0.09,0.721,3.2,0.967,0.823,0.912,0.99,0.9,0.936,0.578,0.727,0.677,0.057,0.1897,True,-0.05
2006,NIFTYBEES.NS,Nifty 50 ETF,Broad Market ETF,Expansion,0,Global Bull Run,-0.096,0.04,0.156,0.062,0.929,2.4,0.968,0.66,0.68,0.664,0.55,0.642,0.547,0.67,0.686,0.361,0.0459,False,-0.09
2006,JUNIORBEES.NS,Nifty Next 50 ETF,Broad Market ETF,Expansion,0,Global Bull Run,-0.146,0.063,0.108,0.128,1.024,1.79,0.827,0.601,0.611,0.66,0.55,0.613,0.573,0.692,0.621,0.353,0.069,False,-0.133
2006,GOLDBEES.NS,Nippon Gold ETF,Hard Commodity,Expansion,0,Global Bull Run,-0.172,0.097,0.165,0.083,0.01,32.57,0.98,0.922,0.98,0.99,0.55,0.876,0.551,0.723,0.642,0.022,0.3148,True,-0.185
2007,POWERGRID.NS,Power Grid Corp,Power & Grid,Peak,1,2007-2009 GFC Crash,-0.151,0.093,0.121,0.06,1.379,1.71,0.874,0.851,0.92,0.99,0.9,0.94,0.575,0.82,0.77,0.02,0.0823,False,-0.139
2007,NTPC.NS,NTPC Limited,Power & Grid,Peak,1,2007-2009 GFC Crash,-0.212,0.169,0.047,0.069,1.428,1.3,0.919,0.847,0.909,0.909,0.9,0.907,0.581,0.817,0.77,0.076,0.0757,False,-0.166
2007,ONGC.NS,ONGC,Oil & Gas / Energy,Peak,1,2007-2009 GFC Crash,-0.075,0.031,0.03,0.068,0.425,3.23,0.98,0.936,0.958,0.957,0.55,0.856,0.618,0.87,0.775,0.031,0.3058,True,-0.063
2007,COALINDIA.NS,Coal India,Mining & Resources,Peak,1,2007-2009 GFC Crash,-0.107,0.045,0.102,0.122,0.094,6.23,0.98,0.78,0.741,0.805,0.55,0.716,0.576,0.846,0.803,0.02,0.2424,True,-0.084
2007,RELIANCE.NS,Reliance Industries,Energy & Infrastructure,Peak,1,2007-2009 GFC Crash,-0.131,0.063,0.146,0.115,0.56,2.11,0.98,0.799,0.823,0.933,0.55,0.793,0.575,0.853,0.807,0.175,0.2568,True,-0.087
2007,TATAPOWER.NS,Tata Power,Power & Grid,Peak,1,2007-2009 GFC Crash,-0.129,0.086,0.036,0.042,1.327,1.17,0.892,0.808,0.826,0.919,0.9,0.877,0.585,0.823,0.775,0.079,0.1492,True,-0.135
2007,IOC.NS,Indian Oil Corp,Oil & Gas / Energy,Peak,1,2007-2009 GFC Crash,-0.056,0.024,0.151,0.064,0.929,1.74,0.948,0.838,0.78,0.85,0.55,0.747,0.58,0.863,0.834,0.096,0.2266,True,-0.05
2007,BPCL.NS,Bharat Petroleum,Oil & Gas / Energy,Peak,1,2007-2009 GFC Crash,-0.227,0.114,0.066,0.132,1.072,1.34,0.889,0.731,0.778,0.793,0.55,0.726,0.579,0.848,0.803,0.055,0.2371,True,-0.151
2007,LT.NS,Larsen & Toubro,Infrastructure,Peak,1,2007-2009 GFC Crash,-0.098,0.05,0.095,0.096,1.029,1.86,0.919,0.857,0.836,0.917,0.55,0.793,0.591,0.884,0.826,0.167,0.2098,True,-0.095
2007,ADANIPORTS.NS,Adani Ports & SEZ,Logistics & Ports,Peak,1,2007-2009 GFC Crash,-0.222,0.099,0.052,0.044,1.321,1.17,0.83,0.949,0.973,0.99,0.9,0.961,0.58,0.875,0.813,0.062,0.198,True,-0.231
2007,TATASTEEL.NS,Tata Steel,Metals & Mining,Peak,1,2007-2009 GFC Crash,-0.1,0.054,0.057,0.199,1.126,1.54,0.924,0.845,0.899,0.93,0.55,0.823,0.593,0.853,0.833,0.092,0.1417,True,-0.107
2007,HINDALCO.NS,Hindalco Industries,Metals & Mining,Peak,1,2007-2009 GFC Crash,-0.071,0.032,0.044,0.075,0.894,1.57,0.929,0.875,0.894,0.927,0.55,0.82,0.585,0.87,0.763,0.097,0.256,True,-0.074
2007,JSWSTEEL.NS,JSW Steel,Metals & Mining,Peak,1,2007-2009 GFC Crash,-0.091,0.065,0.057,0.162,1.277,1.38,0.831,0.892,0.855,0.927,0.55,0.804,0.613,0.861,0.816,0.104,0.1346,True,-0.07
2007,ULTRACEMCO.NS,UltraTech Cement,Infrastructure Materials,Peak,1,2007-2009 GFC Crash,-0.219,0.112,0.101,0.138,0.358,3.72,0.98,0.788,0.836,0.916,0.55,0.792,0.571,0.88,0.835,0.077,0.3241,True,-0.232
2007,GRASIM.NS,Grasim Industries,Infrastructure Materials,Peak,1,2007-2009 GFC Crash,-0.063,0.026,0.092,0.034,0.623,1.87,0.98,0.733,0.748,0.811,0.55,0.721,0.629,0.877,0.77,0.152,0.2536,True,-0.054
2007,CONCOR.NS,Container Corp of India,Logistics & Ports,Peak,1,2007-2009 GFC Crash,-0.183,0.107,0.106,0.203,0.024,8.73,0.98,0.74,0.828,0.796,0.9,0.835,0.591,0.838,0.819,0.075,0.3647,True,-0.151
2007,BHARTIARTL.NS,Bharti Airtel,Telecom & Digital Infra,Peak,1,2007-2009 GFC Crash,-0.134,0.066,0.022,0.149,1.459,1.1,0.855,0.87,0.965,0.957,0.9,0.946,0.581,0.887,0.772,0.171,0.0556,False,-0.147
2007,SIEMENS.NS,Siemens India,Capital Goods,Peak,1,2007-2009 GFC Crash,-0.209,0.144,0.026,0.109,0.01,12.96,0.98,0.73,0.706,0.802,0.55,0.701,0.604,0.815,0.822,0.215,0.2485,True,-0.171
2007,ABB.NS,ABB India,Capital Goods,Peak,1,2007-2009 GFC Crash,-0.175,0.113,0.123,0.096,0.01,11.73,0.98,0.642,0.75,0.784,0.55,0.712,0.572,0.822,0.817,0.256,0.2157,True,-0.124
2007,BHEL.NS,BHEL,Capital Goods,Peak,1,2007-2009 GFC Crash,-0.119,0.079,0.036,0.061,0.398,1.17,0.98,0.702,0.817,0.799,0.55,0.744,0.613,0.878,0.826,0.13,0.2858,True,-0.084
2007,SBIN.NS,State Bank of India,Banking & Credit,Peak,1,2007-2009 GFC Crash,-0.214,0.109,0.087,0.197,1.397,1.41,0.71,0.5,0.548,0.567,0.55,0.555,0.619,0.837,0.781,0.288,-0.0172,False,-0.157
2007,HDFCBANK.NS,HDFC Bank,Banking & Credit,Peak,1,2007-2009 GFC Crash,-0.097,0.07,0.159,0.112,1.224,1.44,0.827,0.492,0.504,0.586,0.55,0.544,0.624,0.874,0.794,0.272,-0.0363,False,-0.084
2007,ICICIBANK.NS,ICICI Bank,Banking & Credit,Peak,1,2007-2009 GFC Crash,-0.216,0.139,0.023,0.202,1.274,1.3,0.754,0.56,0.594,0.574,0.55,0.576,0.577,0.856,0.782,0.315,-0.0115,False,-0.219
2007,AXISBANK.NS,Axis Bank,Banking & Credit,Peak,1,2007-2009 GFC Crash,-0.13,0.063,0.048,0.202,1.358,1.1,0.722,0.528,0.541,0.536,0.55,0.542,0.595,0.841,0.802,0.285,-0.0502,False,-0.126
2007,BAJFINANCE.NS,Bajaj Finance,NBFC & Consumer Credit,Peak,1,2007-2009 GFC Crash,-0.106,0.067,0.111,0.11,1.459,1.15,0.707,0.437,0.451,0.483,0.55,0.487,0.61,0.885,0.819,0.351,-0.0817,False,-0.077
2007,TCS.NS,Tata Consultancy Services,IT & Software Services,Peak,1,2007-2009 GFC Crash,-0.229,0.176,0.137,0.114,0.024,14.02,0.98,0.212,0.193,0.242,0.55,0.299,0.611,0.845,0.78,0.852,-0.03,False,-0.217
2007,INFY.NS,Infosys,IT & Software Services,Peak,1,2007-2009 GFC Crash,-0.06,0.034,0.05,0.124,0.037,14.79,0.98,0.131,0.231,0.169,0.55,0.289,0.622,0.869,0.825,0.866,-0.0655,False,-0.061
2007,WIPRO.NS,Wipro Ltd,IT & Software Services,Peak,1,2007-2009 GFC Crash,-0.109,0.045,0.049,0.129,0.128,7.89,0.971,0.249,0.244,0.172,0.55,0.295,0.625,0.813,0.816,0.86,-0.0699,False,-0.118
2007,HCLTECH.NS,HCL Technologies,IT & Software Services,Peak,1,2007-2009 GFC Crash,-0.243,0.123,0.057,0.035,0.071,10.72,0.98,0.261,0.213,0.268,0.55,0.316,0.575,0.866,0.787,0.802,-0.0562,False,-0.184
2007,ITC.NS,ITC Ltd,FMCG & Agri,Peak,1,2007-2009 GFC Crash,-0.203,0.165,0.159,0.014,0.01,23.48,0.98,0.465,0.511,0.504,0.55,0.518,0.622,0.852,0.835,0.18,0.148,True,-0.157
2007,HINDUNILVR.NS,Hindustan Unilever,FMCG,Peak,1,2007-2009 GFC Crash,-0.096,0.055,0.087,0.165,0.01,19.22,0.98,0.365,0.405,0.424,0.55,0.448,0.584,0.819,0.788,0.159,0.0841,False,-0.069
2007,SUNPHARMA.NS,Sun Pharma,Pharma & Healthcare,Peak,1,2007-2009 GFC Crash,-0.206,0.085,0.146,0.029,0.1,5.85,0.98,0.491,0.513,0.564,0.55,0.54,0.595,0.88,0.836,0.247,0.1065,True,-0.141
2007,CPSEETF.NS,CPSE ETF (PSU Giants),PSU ETF Basket,Peak,1,2007-2009 GFC Crash,-0.204,0.143,0.055,0.049,0.72,2.65,0.98,0.898,0.935,0.969,0.9,0.938,0.617,0.838,0.765,0.107,0.3191,True,-0.217
2007,NIFTYBEES.NS,Nifty 50 ETF,Broad Market ETF,Peak,1,2007-2009 GFC Crash,-0.087,0.058,0.056,0.123,0.92,1.95,0.903,0.631,0.65,0.632,0.55,0.619,0.606,0.856,0.767,0.388,0.0611,False,-0.058
2007,JUNIORBEES.NS,Nifty Next 50 ETF,Broad Market ETF,Peak,1,2007-2009 GFC Crash,-0.233,0.135,0.08,0.065,1.021,2.13,0.948,0.617,0.625,0.642,0.55,0.612,0.613,0.85,0.766,0.372,0.0963,False,-0.149
2007,GOLDBEES.NS,Nippon Gold ETF,Hard Commodity,Peak,1,2007-2009 GFC Crash,-0.114,0.059,0.063,0.195,0.01,35.59,0.98,0.95,0.98,0.99,0.55,0.876,0.618,0.863,0.828,0.047,0.3956,True,-0.116
2008,POWERGRID.NS,Power Grid Corp,Power & Grid,Contraction,2,2007-2009 GFC Crash,-0.262,0.318,-0.085,-0.272,1.67,1.1,0.821,0.91,0.89,0.99,0.9,0.928,0.44,0.419,0.373,0.082,0.0494,False,-0.224
2008,NTPC.NS,NTPC Limited,Power & Grid,Contraction,2,2007-2009 GFC Crash,-0.341,0.277,-0.094,-0.276,1.651,1.1,0.818,0.908,0.906,0.916,0.9,0.908,0.466,0.403,0.437,0.064,0.0545,False,-0.364
2008,ONGC.NS,ONGC,Oil & Gas / Energy,Contraction,2,2007-2009 GFC Crash,-0.528,0.417,-0.181,-0.163,0.66,1.73,0.98,0.848,0.925,0.99,0.55,0.854,0.423,0.43,0.438,0.107,0.292,True,-0.351
2008,COALINDIA.NS,Coal India,Mining & Resources,Contraction,2,2007-2009 GFC Crash,-0.325,0.281,-0.195,-0.081,0.396,2.78,0.98,0.729,0.786,0.847,0.55,0.748,0.446,0.396,0.373,0.069,0.267,True,-0.231
2008,RELIANCE.NS,Reliance Industries,Energy & Infrastructure,Contraction,2,2007-2009 GFC Crash,-0.407,0.262,-0.166,-0.16,0.788,1.18,0.98,0.793,0.906,0.874,0.55,0.806,0.444,0.382,0.439,0.141,0.2487,True,-0.291
2008,TATAPOWER.NS,Tata Power,Power & Grid,Contraction,2,2007-2009 GFC Crash,-0.23,0.243,-0.076,-0.129,1.571,1.1,0.832,0.784,0.876,0.878,0.9,0.883,0.466,0.428,0.421,0.113,0.0077,False,-0.142
2008,IOC.NS,Indian Oil Corp,Oil & Gas / Energy,Contraction,2,2007-2009 GFC Crash,-0.324,0.283,-0.21,-0.192,1.242,1.1,0.932,0.778,0.781,0.828,0.55,0.74,0.424,0.407,0.382,0.12,0.0946,False,-0.268
2008,BPCL.NS,Bharat Petroleum,Oil & Gas / Energy,Contraction,2,2007-2009 GFC Crash,-0.321,0.216,-0.094,-0.291,1.301,1.1,0.843,0.738,0.787,0.797,0.55,0.731,0.449,0.368,0.379,0.149,0.0761,False,-0.273
2008,LT.NS,Larsen & Toubro,Infrastructure,Contraction,2,2007-2009 GFC Crash,-0.521,0.482,-0.243,-0.283,1.312,1.1,0.887,0.761,0.844,0.903,0.55,0.791,0.444,0.371,0.405,0.139,0.1487,True,-0.365
2008,ADANIPORTS.NS,Adani Ports & SEZ,Logistics & Ports,Contraction,2,2007-2009 GFC Crash,-0.533,0.432,-0.108,-0.108,1.567,1.1,0.86,0.945,0.919,0.99,0.9,0.939,0.463,0.424,0.387,0.091,0.0699,False,-0.558
2008,TATASTEEL.NS,Tata Steel,Metals & Mining,Contraction,2,2007-2009 GFC Crash,-0.523,0.617,-0.201,-0.265,1.405,1.1,0.856,0.877,0.906,0.965,0.55,0.838,0.472,0.378,0.438,0.064,0.0576,False,-0.52
2008,HINDALCO.NS,Hindalco Industries,Metals & Mining,Contraction,2,2007-2009 GFC Crash,-0.228,0.173,-0.21,-0.15,1.186,1.1,0.922,0.866,0.855,0.964,0.55,0.817,0.424,0.362,0.381,0.086,0.1229,True,-0.22
2008,JSWSTEEL.NS,JSW Steel,Metals & Mining,Contraction,2,2007-2009 GFC Crash,-0.264,0.209,-0.162,-0.14,1.574,1.1,0.794,0.835,0.941,0.898,0.55,0.828,0.449,0.43,0.432,0.092,0.0091,False,-0.237
2008,ULTRACEMCO.NS,UltraTech Cement,Infrastructure Materials,Contraction,2,2007-2009 GFC Crash,-0.314,0.206,-0.214,-0.248,0.671,1.51,0.98,0.816,0.863,0.851,0.55,0.781,0.478,0.374,0.428,0.069,0.2274,True,-0.325
2008,GRASIM.NS,Grasim Industries,Infrastructure Materials,Contraction,2,2007-2009 GFC Crash,-0.23,0.229,-0.119,-0.228,0.895,1.1,0.934,0.731,0.722,0.783,0.55,0.7,0.466,0.37,0.438,0.105,0.0906,False,-0.146
2008,CONCOR.NS,Container Corp of India,Logistics & Ports,Contraction,2,2007-2009 GFC Crash,-0.346,0.253,-0.217,-0.263,0.267,4.53,0.98,0.799,0.791,0.816,0.9,0.827,0.422,0.419,0.413,0.077,0.3097,True,-0.347
2008,BHARTIARTL.NS,Bharti Airtel,Telecom & Digital Infra,Contraction,2,2007-2009 GFC Crash,-0.375,0.242,-0.242,-0.273,1.739,1.1,0.738,0.833,0.901,0.933,0.9,0.912,0.447,0.435,0.385,0.181,0.0145,False,-0.253
2008,SIEMENS.NS,Siemens India,Capital Goods,Contraction,2,2007-2009 GFC Crash,-0.4,0.33,-0.152,-0.153,0.319,7.18,0.98,0.754,0.749,0.799,0.55,0.717,0.428,0.362,0.385,0.24,0.1466,True,-0.375
2008,ABB.NS,ABB India,Capital Goods,Contraction,2,2007-2009 GFC Crash,-0.321,0.218,-0.061,-0.15,0.327,5.06,0.98,0.673,0.751,0.722,0.55,0.691,0.45,0.409,0.43,0.247,0.1259,True,-0.342
2008,BHEL.NS,BHEL,Capital Goods,Contraction,2,2007-2009 GFC Crash,-0.515,0.388,-0.05,-0.289,0.689,1.1,0.97,0.769,0.777,0.837,0.55,0.741,0.479,0.393,0.43,0.168,0.2462,True,-0.499
2008,SBIN.NS,State Bank of India,Banking & Credit,Contraction,2,2007-2009 GFC Crash,-0.417,0.363,-0.086,-0.274,1.708,1.1,0.683,0.57,0.608,0.626,0.55,0.6,0.453,0.36,0.386,0.287,-0.0582,False,-0.395
2008,HDFCBANK.NS,HDFC Bank,Banking & Credit,Contraction,2,2007-2009 GFC Crash,-0.481,0.36,-0.126,-0.198,1.489,1.1,0.711,0.485,0.498,0.516,0.55,0.517,0.443,0.429,0.402,0.318,-0.0729,False,-0.371
2008,ICICIBANK.NS,ICICI Bank,Banking & Credit,Contraction,2,2007-2009 GFC Crash,-0.412,0.3,-0.059,-0.296,1.538,1.1,0.758,0.524,0.557,0.593,0.55,0.568,0.432,0.361,0.412,0.35,-0.0795,False,-0.438
2008,AXISBANK.NS,Axis Bank,Banking & Credit,Contraction,2,2007-2009 GFC Crash,-0.586,0.56,-0.089,-0.181,1.586,1.1,0.7,0.432,0.503,0.509,0.55,0.517,0.439,0.409,0.417,0.307,-0.0446,False,-0.387
2008,BAJFINANCE.NS,Bajaj Finance,NBFC & Consumer Credit,Contraction,2,2007-2009 GFC Crash,-0.493,0.49,-0.057,-0.194,1.698,1.1,0.637,0.453,0.493,0.464,0.55,0.497,0.468,0.404,0.363,0.393,-0.0593,False,-0.444
2008,TCS.NS,Tata Consultancy Services,IT & Software Services,Contraction,2,2007-2009 GFC Crash,-0.403,0.265,-0.179,-0.248,0.332,9.03,0.923,0.165,0.221,0.213,0.55,0.3,0.467,0.382,0.426,0.812,-0.1149,False,-0.261
2008,INFY.NS,Infosys,IT & Software Services,Contraction,2,2007-2009 GFC Crash,-0.608,0.694,-0.245,-0.159,0.322,7.1,0.978,0.14,0.213,0.227,0.55,0.302,0.456,0.404,0.379,0.839,-0.087,False,-0.516
2008,WIPRO.NS,Wipro Ltd,IT & Software Services,Contraction,2,2007-2009 GFC Crash,-0.451,0.283,-0.224,-0.277,0.449,3.53,0.966,0.179,0.192,0.226,0.55,0.293,0.463,0.406,0.382,0.838,-0.1493,False,-0.472
2008,HCLTECH.NS,HCL Technologies,IT & Software Services,Contraction,2,2007-2009 GFC Crash,-0.658,0.457,-0.203,-0.181,0.319,5.11,0.932,0.203,0.188,0.244,0.55,0.298,0.473,0.412,0.403,0.762,-0.0735,False,-0.615
2008,ITC.NS,ITC Ltd,FMCG & Agri,Contraction,2,2007-2009 GFC Crash,-0.494,0.315,-0.215,-0.148,0.309,11.32,0.98,0.478,0.469,0.46,0.55,0.486,0.432,0.403,0.368,0.145,0.066,False,-0.382
2008,HINDUNILVR.NS,Hindustan Unilever,FMCG,Contraction,2,2007-2009 GFC Crash,-0.352,0.228,-0.142,-0.115,0.286,10.78,0.98,0.318,0.357,0.357,0.55,0.405,0.451,0.41,0.367,0.206,-0.0048,False,-0.357
2008,SUNPHARMA.NS,Sun Pharma,Pharma & Healthcare,Contraction,2,2007-2009 GFC Crash,-0.651,0.42,-0.139,-0.233,0.398,3.63,0.951,0.476,0.501,0.539,0.55,0.527,0.444,0.396,0.408,0.252,0.0762,False,-0.552
2008,CPSEETF.NS,CPSE ETF (PSU Giants),PSU ETF Basket,Contraction,2,2007-2009 GFC Crash,-0.424,0.282,-0.076,-0.123,1.049,1.59,0.911,0.932,0.886,0.99,0.9,0.926,0.467,0.384,0.366,0.05,0.2507,True,-0.402
2008,NIFTYBEES.NS,Nifty 50 ETF,Broad Market ETF,Contraction,2,2007-2009 GFC Crash,-0.375,0.315,-0.129,-0.132,1.185,1.23,0.876,0.639,0.593,0.689,0.55,0.616,0.43,0.4,0.392,0.315,0.0454,False,-0.238
2008,JUNIORBEES.NS,Nifty Next 50 ETF,Broad Market ETF,Contraction,2,2007-2009 GFC Crash,-0.577,0.479,-0.162,-0.277,1.253,1.1,0.906,0.586,0.656,0.633,0.55,0.621,0.458,0.377,0.41,0.415,0.0493,False,-0.364
2008,GOLDBEES.NS,Nippon Gold ETF,Hard Commodity,Contraction,2,2007-2009 GFC Crash,-0.225,0.227,-0.222,-0.273,0.278,17.61,0.98,0.95,0.98,0.99,0.55,0.876,0.438,0.368,0.415,0.02,0.2929,True,-0.247
2009,POWERGRID.NS,Power Grid Corp,Power & Grid,Trough,3,2007-2009 GFC Crash,-0.507,0.336,-0.16,-0.257,1.681,1.1,0.769,0.895,0.927,0.962,0.9,0.932,0.472,0.443,0.476,0.073,0.0938,False,-0.307
2009,NTPC.NS,NTPC Limited,Power & Grid,Trough,3,2007-2009 GFC Crash,-0.373,0.384,-0.248,-0.247,1.692,1.1,0.713,0.821,0.919,0.906,0.9,0.91,0.509,0.474,0.487,0.079,0.0465,False,-0.326
2009,ONGC.NS,ONGC,Oil & Gas / Energy,Trough,3,2007-2009 GFC Crash,-0.307,0.26,-0.175,-0.213,0.695,1.69,0.98,0.899,0.91,0.976,0.55,0.843,0.478,0.473,0.481,0.106,0.2627,True,-0.233
2009,COALINDIA.NS,Coal India,Mining & Resources,Trough,3,2007-2009 GFC Crash,-0.398,0.304,-0.118,-0.103,0.389,3.18,0.98,0.791,0.741,0.857,0.55,0.734,0.488,0.459,0.415,0.042,0.2701,True,-0.386
2009,RELIANCE.NS,Reliance Industries,Energy & Infrastructure,Trough,3,2007-2009 GFC Crash,-0.526,0.65,-0.059,-0.138,0.831,1.18,0.924,0.77,0.883,0.868,0.55,0.794,0.471,0.434,0.438,0.177,0.254,True,-0.364
2009,TATAPOWER.NS,Tata Power,Power & Grid,Trough,3,2007-2009 GFC Crash,-0.523,0.332,-0.191,-0.131,1.567,1.1,0.834,0.832,0.817,0.842,0.9,0.846,0.487,0.441,0.426,0.062,0.0785,False,-0.516
2009,IOC.NS,Indian Oil Corp,Oil & Gas / Energy,Trough,3,2007-2009 GFC Crash,-0.227,0.177,-0.134,-0.135,1.214,1.1,0.818,0.836,0.849,0.841,0.55,0.771,0.499,0.463,0.42,0.074,0.1333,True,-0.162
2009,BPCL.NS,Bharat Petroleum,Oil & Gas / Energy,Trough,3,2007-2009 GFC Crash,-0.51,0.532,-0.073,-0.158,1.337,1.1,0.841,0.754,0.821,0.793,0.55,0.743,0.467,0.475,0.479,0.135,0.1534,True,-0.37
2009,LT.NS,Larsen & Toubro,Infrastructure,Trough,3,2007-2009 GFC Crash,-0.491,0.397,-0.053,-0.094,1.326,1.1,0.928,0.847,0.889,0.914,0.55,0.813,0.453,0.423,0.421,0.143,0.1542,True,-0.347
2009,ADANIPORTS.NS,Adani Ports & SEZ,Logistics & Ports,Trough,3,2007-2009 GFC Crash,-0.452,0.361,-0.112,-0.108,1.601,1.1,0.867,0.925,0.975,0.99,0.9,0.961,0.488,0.471,0.423,0.056,0.0712,False,-0.327
2009,TATASTEEL.NS,Tata Steel,Metals & Mining,Trough,3,2007-2009 GFC Crash,-0.367,0.265,-0.127,-0.259,1.423,1.1,0.795,0.848,0.933,0.922,0.55,0.833,0.471,0.473,0.454,0.031,0.0693,False,-0.227
2009,HINDALCO.NS,Hindalco Industries,Metals & Mining,Trough,3,2007-2009 GFC Crash,-0.449,0.299,-0.051,-0.219,1.195,1.1,0.98,0.824,0.865,0.896,0.55,0.797,0.477,0.468,0.481,0.099,0.1479,True,-0.362
2009,JSWSTEEL.NS,JSW Steel,Metals & Mining,Trough,3,2007-2009 GFC Crash,-0.356,0.3,-0.122,-0.286,1.57,1.1,0.839,0.833,0.922,0.902,0.55,0.822,0.485,0.455,0.455,0.11,0.0414,False,-0.357
2009,ULTRACEMCO.NS,UltraTech Cement,Infrastructure Materials,Trough,3,2007-2009 GFC Crash,-0.291,0.213,-0.092,-0.186,0.607,1.82,0.98,0.749,0.796,0.867,0.55,0.759,0.476,0.422,0.436,0.063,0.2239,True,-0.207
2009,GRASIM.NS,Grasim Industries,Infrastructure Materials,Trough,3,2007-2009 GFC Crash,-0.34,0.238,-0.226,-0.21,0.91,1.12,0.98,0.772,0.77,0.786,0.55,0.721,0.5,0.441,0.456,0.119,0.1977,True,-0.266
2009,CONCOR.NS,Container Corp of India,Logistics & Ports,Trough,3,2007-2009 GFC Crash,-0.451,0.29,-0.198,-0.205,0.283,3.86,0.98,0.8,0.775,0.837,0.9,0.828,0.502,0.477,0.425,0.11,0.3168,True,-0.38
2009,BHARTIARTL.NS,Bharti Airtel,Telecom & Digital Infra,Trough,3,2007-2009 GFC Crash,-0.297,0.32,-0.128,-0.27,1.693,1.1,0.833,0.88,0.918,0.986,0.9,0.937,0.495,0.463,0.487,0.137,0.0252,False,-0.22
2009,SIEMENS.NS,Siemens India,Capital Goods,Trough,3,2007-2009 GFC Crash,-0.402,0.283,-0.237,-0.193,0.246,5.82,0.98,0.67,0.712,0.791,0.55,0.699,0.452,0.415,0.483,0.184,0.1846,True,-0.324
2009,ABB.NS,ABB India,Capital Goods,Trough,3,2007-2009 GFC Crash,-0.241,0.286,-0.166,-0.243,0.265,6.45,0.98,0.7,0.76,0.753,0.55,0.705,0.494,0.489,0.431,0.255,0.1427,True,-0.213
2009,BHEL.NS,BHEL,Capital Goods,Trough,3,2007-2009 GFC Crash,-0.476,0.476,-0.08,-0.177,0.666,1.1,0.98,0.732,0.749,0.797,0.55,0.716,0.481,0.419,0.479,0.162,0.1403,True,-0.454
2009,SBIN.NS,State Bank of India,Banking & Credit,Trough,3,2007-2009 GFC Crash,-0.4,0.3,-0.158,-0.209,1.674,1.1,0.712,0.548,0.544,0.641,0.55,0.579,0.489,0.454,0.415,0.301,-0.0375,False,-0.332
2009,HDFCBANK.NS,HDFC Bank,Banking & Credit,Trough,3,2007-2009 GFC Crash,-0.43,0.354,-0.209,-0.107,1.455,1.1,0.713,0.471,0.491,0.536,0.55,0.522,0.503,0.48,0.429,0.315,-0.0286,False,-0.424
2009,ICICIBANK.NS,ICICI Bank,Banking & Credit,Trough,3,2007-2009 GFC Crash,-0.645,0.487,-0.086,-0.216,1.503,1.1,0.748,0.569,0.55,0.572,0.55,0.558,0.497,0.487,0.426,0.312,-0.0154,False,-0.643
2009,AXISBANK.NS,Axis Bank,Banking & Credit,Trough,3,2007-2009 GFC Crash,-0.628,0.463,-0.091,-0.23,1.638,1.1,0.758,0.468,0.546,0.531,0.55,0.542,0.501,0.482,0.432,0.378,-0.0444,False,-0.44
2009,BAJFINANCE.NS,Bajaj Finance,NBFC & Consumer Credit,Trough,3,2007-2009 GFC Crash,-0.652,0.433,-0.089,-0.189,1.698,1.1,0.713,0.408,0.467,0.504,0.55,0.501,0.508,0.443,0.489,0.397,-0.0385,False,-0.445
2009,TCS.NS,Tata Consultancy Services,IT & Software Services,Trough,3,2007-2009 GFC Crash,-0.443,0.293,-0.234,-0.139,0.338,7.92,0.911,0.142,0.216,0.222,0.55,0.302,0.461,0.479,0.476,0.824,-0.1002,False,-0.335
2009,INFY.NS,Infosys,IT & Software Services,Trough,3,2007-2009 GFC Crash,-0.569,0.606,-0.108,-0.118,0.307,7.89,0.962,0.163,0.188,0.224,0.55,0.291,0.456,0.429,0.421,0.835,-0.0961,False,-0.554
2009,WIPRO.NS,Wipro Ltd,IT & Software Services,Trough,3,2007-2009 GFC Crash,-0.471,0.523,-0.115,-0.228,0.415,4.1,0.92,0.231,0.197,0.247,0.55,0.303,0.491,0.416,0.424,0.916,-0.1445,False,-0.48
2009,HCLTECH.NS,HCL Technologies,IT & Software Services,Trough,3,2007-2009 GFC Crash,-0.669,0.641,-0.119,-0.094,0.328,5.63,0.98,0.222,0.212,0.219,0.55,0.299,0.502,0.471,0.473,0.796,-0.073,False,-0.705
2009,ITC.NS,ITC Ltd,FMCG & Agri,Trough,3,2007-2009 GFC Crash,-0.5,0.453,-0.055,-0.276,0.277,11.0,0.98,0.444,0.469,0.524,0.55,0.508,0.475,0.413,0.469,0.192,0.0541,False,-0.515
2009,HINDUNILVR.NS,Hindustan Unilever,FMCG,Trough,3,2007-2009 GFC Crash,-0.44,0.422,-0.084,-0.238,0.249,11.12,0.98,0.387,0.319,0.422,0.55,0.413,0.502,0.419,0.466,0.184,0.0253,False,-0.317
2009,SUNPHARMA.NS,Sun Pharma,Pharma & Healthcare,Trough,3,2007-2009 GFC Crash,-0.435,0.519,-0.069,-0.113,0.321,3.39,0.98,0.512,0.505,0.534,0.55,0.526,0.49,0.457,0.481,0.219,0.0344,False,-0.313
2009,CPSEETF.NS,CPSE ETF (PSU Giants),PSU ETF Basket,Trough,3,2007-2009 GFC Crash,-0.529,0.361,-0.13,-0.275,1.029,1.24,0.976,0.939,0.96,0.97,0.9,0.948,0.456,0.483,0.464,0.093,0.3028,True,-0.469
2009,NIFTYBEES.NS,Nifty 50 ETF,Broad Market ETF,Trough,3,2007-2009 GFC Crash,-0.385,0.333,-0.129,-0.161,1.202,1.1,0.82,0.592,0.657,0.668,0.55,0.634,0.486,0.466,0.429,0.351,0.0453,False,-0.305
2009,JUNIORBEES.NS,Nifty Next 50 ETF,Broad Market ETF,Trough,3,2007-2009 GFC Crash,-0.471,0.55,-0.199,-0.22,1.299,1.1,0.892,0.592,0.633,0.639,0.55,0.614,0.478,0.414,0.421,0.378,0.0739,False,-0.361
2009,GOLDBEES.NS,Nippon Gold ETF,Hard Commodity,Trough,3,2007-2009 GFC Crash,-0.548,0.68,-0.206,-0.292,0.248,16.2,0.98,0.95,0.98,0.99,0.55,0.876,0.456,0.437,0.474,0.02,0.3579,True,-0.409
2010,POWERGRID.NS,Power Grid Corp,Power & Grid,Expansion,0,Post-GFC Recovery,-0.149,0.064,0.099,0.157,1.371,1.47,0.811,0.894,0.885,0.956,0.9,0.914,0.61,0.621,0.582,0.039,0.1581,True,-0.12
2010,NTPC.NS,NTPC Limited,Power & Grid,Expansion,0,Post-GFC Recovery,-0.086,0.072,0.122,0.021,1.421,1.46,0.875,0.827,0.925,0.971,0.9,0.935,0.565,0.615,0.608,0.099,0.1224,True,-0.068
2010,ONGC.NS,ONGC,Oil & Gas / Energy,Expansion,0,Post-GFC Recovery,-0.234,0.141,0.171,0.15,0.425,2.94,0.98,0.89,0.97,0.956,0.55,0.86,0.591,0.639,0.607,0.02,0.2389,True,-0.247
2010,COALINDIA.NS,Coal India,Mining & Resources,Expansion,0,Post-GFC Recovery,-0.143,0.103,0.022,0.099,0.094,7.21,0.98,0.704,0.828,0.79,0.55,0.745,0.568,0.649,0.606,0.02,0.2282,True,-0.126
2010,RELIANCE.NS,Reliance Industries,Energy & Infrastructure,Expansion,0,Post-GFC Recovery,-0.115,0.074,0.069,0.176,0.557,2.39,0.98,0.861,0.88,0.896,0.55,0.803,0.577,0.674,0.626,0.186,0.1765,True,-0.094
2010,TATAPOWER.NS,Tata Power,Power & Grid,Expansion,0,Post-GFC Recovery,-0.175,0.124,0.089,0.04,1.327,1.25,0.848,0.812,0.861,0.895,0.9,0.883,0.603,0.638,0.572,0.053,0.1648,True,-0.161
2010,IOC.NS,Indian Oil Corp,Oil & Gas / Energy,Expansion,0,Post-GFC Recovery,-0.177,0.119,0.178,0.105,0.927,1.51,0.949,0.757,0.837,0.866,0.55,0.775,0.591,0.621,0.599,0.043,0.156,True,-0.192
2010,BPCL.NS,Bharat Petroleum,Oil & Gas / Energy,Expansion,0,Post-GFC Recovery,-0.099,0.055,0.066,0.199,1.076,1.27,0.841,0.727,0.743,0.776,0.55,0.706,0.557,0.686,0.585,0.139,0.1092,True,-0.1
2010,LT.NS,Larsen & Toubro,Infrastructure,Expansion,0,Post-GFC Recovery,-0.142,0.101,0.109,0.124,1.02,1.52,0.98,0.807,0.85,0.889,0.55,0.789,0.596,0.677,0.595,0.1,0.1338,True,-0.099
2010,ADANIPORTS.NS,Adani Ports & SEZ,Logistics & Ports,Expansion,0,Post-GFC Recovery,-0.134,0.097,0.091,0.142,1.329,1.23,0.861,0.95,0.972,0.99,0.9,0.96,0.579,0.642,0.64,0.098,0.1641,True,-0.119
2010,TATASTEEL.NS,Tata Steel,Metals & Mining,Expansion,0,Post-GFC Recovery,-0.204,0.083,0.166,0.162,1.124,1.28,0.917,0.805,0.901,0.949,0.55,0.83,0.582,0.68,0.57,0.109,0.1388,True,-0.203
2010,HINDALCO.NS,Hindalco Industries,Metals & Mining,Expansion,0,Post-GFC Recovery,-0.153,0.066,0.114,0.089,0.897,1.84,0.98,0.798,0.878,0.962,0.55,0.825,0.567,0.626,0.621,0.079,0.157,True,-0.129
2010,JSWSTEEL.NS,JSW Steel,Metals & Mining,Expansion,0,Post-GFC Recovery,-0.135,0.055,0.052,0.033,1.274,1.4,0.971,0.839,0.925,0.956,0.55,0.842,0.601,0.645,0.628,0.139,0.1135,True,-0.141
2010,ULTRACEMCO.NS,UltraTech Cement,Infrastructure Materials,Expansion,0,Post-GFC Recovery,-0.112,0.052,0.131,0.038,0.356,3.32,0.98,0.851,0.792,0.878,0.55,0.762,0.568,0.639,0.624,0.048,0.182,True,-0.121
2010,GRASIM.NS,Grasim Industries,Infrastructure Materials,Expansion,0,Post-GFC Recovery,-0.102,0.045,0.138,0.04,0.63,2.4,0.98,0.759,0.735,0.753,0.55,0.695,0.595,0.672,0.613,0.137,0.1513,True,-0.092
2010,CONCOR.NS,Container Corp of India,Logistics & Ports,Expansion,0,Post-GFC Recovery,-0.18,0.134,0.149,0.209,0.029,8.97,0.98,0.749,0.789,0.801,0.9,0.821,0.554,0.686,0.602,0.06,0.2579,True,-0.153
2010,BHARTIARTL.NS,Bharti Airtel,Telecom & Digital Infra,Expansion,0,Post-GFC Recovery,-0.204,0.13,0.149,0.205,1.452,1.22,0.785,0.829,0.914,0.952,0.9,0.924,0.574,0.682,0.586,0.178,0.1354,True,-0.188
2010,SIEMENS.NS,Siemens India,Capital Goods,Expansion,0,Post-GFC Recovery,-0.149,0.084,0.114,0.141,0.01,12.99,0.98,0.718,0.697,0.801,0.55,0.697,0.554,0.665,0.579,0.241,0.2252,True,-0.149
2010,ABB.NS,ABB India,Capital Goods,Expansion,0,Post-GFC Recovery,-0.193,0.14,0.121,0.021,0.01,11.59,0.98,0.713,0.691,0.748,0.55,0.676,0.595,0.635,0.56,0.241,0.1977,True,-0.142
2010,BHEL.NS,BHEL,Capital Goods,Expansion,0,Post-GFC Recovery,-0.187,0.14,0.078,0.067,0.393,1.1,0.98,0.69,0.762,0.844,0.55,0.738,0.601,0.635,0.623,0.179,0.1723,True,-0.197
2010,SBIN.NS,State Bank of India,Banking & Credit,Expansion,0,Post-GFC Recovery,-0.123,0.058,0.021,0.045,1.396,1.44,0.723,0.572,0.577,0.596,0.55,0.577,0.593,0.663,0.637,0.326,0.0507,False,-0.117
2010,HDFCBANK.NS,HDFC Bank,Banking & Credit,Expansion,0,Post-GFC Recovery,-0.059,0.032,0.089,0.106,1.227,1.3,0.863,0.517,0.48,0.539,0.55,0.518,0.563,0.639,0.59,0.275,0.0316,False,-0.05
2010,ICICIBANK.NS,ICICI Bank,Banking & Credit,Expansion,0,Post-GFC Recovery,-0.207,0.099,0.117,0.072,1.272,1.55,0.766,0.539,0.543,0.602,0.55,0.565,0.558,0.662,0.619,0.292,0.0573,False,-0.165
2010,AXISBANK.NS,Axis Bank,Banking & Credit,Expansion,0,Post-GFC Recovery,-0.228,0.122,0.063,0.185,1.353,1.11,0.844,0.454,0.491,0.493,0.55,0.506,0.551,0.64,0.587,0.282,0.0221,False,-0.184
2010,BAJFINANCE.NS,Bajaj Finance,NBFC & Consumer Credit,Expansion,0,Post-GFC Recovery,-0.057,0.03,0.128,0.075,1.455,1.1,0.754,0.461,0.423,0.492,0.55,0.479,0.596,0.672,0.602,0.428,-0.034,False,-0.05
2010,TCS.NS,Tata Consultancy Services,IT & Software Services,Expansion,0,Post-GFC Recovery,-0.095,0.051,0.076,0.088,0.022,17.69,0.98,0.172,0.162,0.203,0.55,0.273,0.55,0.634,0.612,0.867,0.0053,False,-0.058
2010,INFY.NS,Infosys,IT & Software Services,Expansion,0,Post-GFC Recovery,-0.237,0.158,0.059,0.112,0.031,15.62,0.98,0.175,0.179,0.182,0.55,0.273,0.595,0.648,0.565,0.896,0.0305,False,-0.235
2010,WIPRO.NS,Wipro Ltd,IT & Software Services,Expansion,0,Post-GFC Recovery,-0.211,0.153,0.12,0.174,0.12,8.03,0.98,0.139,0.186,0.187,0.55,0.277,0.585,0.622,0.625,0.894,-0.0167,False,-0.198
2010,HCLTECH.NS,HCL Technologies,IT & Software Services,Expansion,0,Post-GFC Recovery,-0.108,0.084,0.044,0.012,0.077,10.3,0.98,0.195,0.228,0.273,0.55,0.324,0.588,0.646,0.571,0.826,0.0063,False,-0.078
2010,ITC.NS,ITC Ltd,FMCG & Agri,Expansion,0,Post-GFC Recovery,-0.141,0.08,0.027,0.045,0.01,22.76,0.98,0.423,0.503,0.492,0.55,0.511,0.577,0.627,0.564,0.184,0.1981,True,-0.141
2010,HINDUNILVR.NS,Hindustan Unilever,FMCG,Expansion,0,Post-GFC Recovery,-0.108,0.044,0.111,0.065,0.01,18.27,0.98,0.314,0.413,0.425,0.55,0.451,0.576,0.657,0.566,0.192,0.1811,True,-0.075
2010,SUNPHARMA.NS,Sun Pharma,Pharma & Healthcare,Expansion,0,Post-GFC Recovery,-0.099,0.07,0.096,0.161,0.092,7.68,0.98,0.555,0.527,0.588,0.55,0.554,0.565,0.661,0.613,0.216,0.1628,True,-0.098
2010,CPSEETF.NS,CPSE ETF (PSU Giants),PSU ETF Basket,Expansion,0,Post-GFC Recovery,-0.123,0.083,0.071,0.188,0.725,2.46,0.96,0.863,0.967,0.946,0.9,0.943,0.594,0.618,0.594,0.02,0.2021,True,-0.115
2010,NIFTYBEES.NS,Nifty 50 ETF,Broad Market ETF,Expansion,0,Post-GFC Recovery,-0.098,0.058,0.083,0.168,0.929,2.02,0.901,0.65,0.679,0.624,0.55,0.628,0.605,0.686,0.606,0.336,0.0774,False,-0.071
2010,JUNIORBEES.NS,Nifty Next 50 ETF,Broad Market ETF,Expansion,0,Post-GFC Recovery,-0.23,0.124,0.055,0.018,1.024,1.79,0.914,0.549,0.578,0.671,0.55,0.604,0.552,0.624,0.629,0.378,0.0748,False,-0.205
2010,GOLDBEES.NS,Nippon Gold ETF,Hard Commodity,Expansion,0,Post-GFC Recovery,-0.071,0.029,0.163,0.098,0.01,36.5,0.98,0.95,0.98,0.99,0.55,0.876,0.597,0.648,0.6,0.02,0.2852,True,-0.05
2011,POWERGRID.NS,Power Grid Corp,Power & Grid,Contraction,2,Eurozone Debt Crisis,-0.383,0.34,-0.088,-0.116,1.633,1.1,0.765,0.829,0.881,0.99,0.9,0.924,0.59,0.565,0.542,0.065,0.1646,True,-0.398
2011,NTPC.NS,NTPC Limited,Power & Grid,Contraction,2,Eurozone Debt Crisis,-0.55,0.485,-0.145,-0.288,1.704,1.1,0.775,0.795,0.855,0.956,0.9,0.902,0.628,0.528,0.504,0.06,0.1882,True,-0.33
2011,ONGC.NS,ONGC,Oil & Gas / Energy,Contraction,2,Eurozone Debt Crisis,-0.411,0.394,-0.185,-0.143,0.723,1.74,0.98,0.92,0.969,0.99,0.55,0.872,0.619,0.525,0.51,0.1,0.2246,True,-0.449
2011,COALINDIA.NS,Coal India,Mining & Resources,Contraction,2,Eurozone Debt Crisis,-0.316,0.338,-0.094,-0.172,0.395,3.14,0.98,0.769,0.745,0.829,0.55,0.726,0.627,0.513,0.501,0.05,0.1982,True,-0.302
2011,RELIANCE.NS,Reliance Industries,Energy & Infrastructure,Contraction,2,Eurozone Debt Crisis,-0.277,0.204,-0.107,-0.198,0.856,1.1,0.98,0.821,0.848,0.937,0.55,0.805,0.625,0.566,0.538,0.186,0.1463,True,-0.278
2011,TATAPOWER.NS,Tata Power,Power & Grid,Contraction,2,Eurozone Debt Crisis,-0.31,0.248,-0.061,-0.191,1.57,1.1,0.781,0.857,0.876,0.896,0.9,0.889,0.593,0.523,0.543,0.123,0.1424,True,-0.19
2011,IOC.NS,Indian Oil Corp,Oil & Gas / Energy,Contraction,2,Eurozone Debt Crisis,-0.317,0.218,-0.141,-0.087,1.234,1.1,0.919,0.836,0.813,0.837,0.55,0.756,0.573,0.55,0.537,0.126,0.1203,True,-0.317
2011,BPCL.NS,Bharat Petroleum,Oil & Gas / Energy,Contraction,2,Eurozone Debt Crisis,-0.454,0.303,-0.115,-0.125,1.355,1.1,0.787,0.784,0.743,0.799,0.55,0.714,0.585,0.56,0.526,0.133,0.1574,True,-0.275
2011,LT.NS,Larsen & Toubro,Infrastructure,Contraction,2,Eurozone Debt Crisis,-0.345,0.323,-0.103,-0.211,1.317,1.1,0.884,0.795,0.842,0.89,0.55,0.786,0.574,0.573,0.503,0.113,0.1525,True,-0.264
2011,ADANIPORTS.NS,Adani Ports & SEZ,Logistics & Ports,Contraction,2,Eurozone Debt Crisis,-0.484,0.427,-0.1,-0.278,1.556,1.1,0.912,0.937,0.98,0.99,0.9,0.963,0.587,0.532,0.515,0.108,0.1774,True,-0.416
2011,TATASTEEL.NS,Tata Steel,Metals & Mining,Contraction,2,Eurozone Debt Crisis,-0.41,0.381,-0.17,-0.242,1.368,1.1,0.811,0.848,0.927,0.962,0.55,0.845,0.582,0.549,0.501,0.059,0.1806,True,-0.445
2011,HINDALCO.NS,Hindalco Industries,Metals & Mining,Contraction,2,Eurozone Debt Crisis,-0.352,0.271,-0.12,-0.241,1.18,1.1,0.847,0.894,0.862,0.891,0.55,0.794,0.571,0.587,0.5,0.108,0.1647,True,-0.319
2011,JSWSTEEL.NS,JSW Steel,Metals & Mining,Contraction,2,Eurozone Debt Crisis,-0.499,0.321,-0.103,-0.106,1.531,1.1,0.845,0.894,0.937,0.903,0.55,0.828,0.582,0.557,0.536,0.118,0.1648,True,-0.303
2011,ULTRACEMCO.NS,UltraTech Cement,Infrastructure Materials,Contraction,2,Eurozone Debt Crisis,-0.488,0.365,-0.055,-0.278,0.638,1.53,0.98,0.855,0.83,0.907,0.55,0.787,0.57,0.545,0.487,0.095,0.2277,True,-0.399
2011,GRASIM.NS,Grasim Industries,Infrastructure Materials,Contraction,2,Eurozone Debt Crisis,-0.34,0.342,-0.107,-0.28,0.876,1.1,0.98,0.661,0.765,0.801,0.55,0.724,0.582,0.58,0.539,0.061,0.1558,True,-0.24
2011,CONCOR.NS,Container Corp of India,Logistics & Ports,Contraction,2,Eurozone Debt Crisis,-0.328,0.379,-0.06,-0.116,0.277,4.16,0.98,0.755,0.821,0.845,0.9,0.849,0.618,0.576,0.555,0.084,0.2385,True,-0.298
2011,BHARTIARTL.NS,Bharti Airtel,Telecom & Digital Infra,Contraction,2,Eurozone Debt Crisis,-0.357,0.29,-0.196,-0.219,1.754,1.1,0.785,0.828,0.911,0.99,0.9,0.936,0.624,0.563,0.543,0.175,0.1616,True,-0.259
2011,SIEMENS.NS,Siemens India,Capital Goods,Contraction,2,Eurozone Debt Crisis,-0.278,0.269,-0.161,-0.295,0.291,6.16,0.98,0.718,0.779,0.735,0.55,0.706,0.588,0.55,0.484,0.219,0.1962,True,-0.181
2011,ABB.NS,ABB India,Capital Goods,Contraction,2,Eurozone Debt Crisis,-0.527,0.556,-0.117,-0.106,0.306,5.6,0.98,0.651,0.68,0.721,0.55,0.662,0.619,0.565,0.489,0.219,0.2041,True,-0.382
2011,BHEL.NS,BHEL,Capital Goods,Contraction,2,Eurozone Debt Crisis,-0.448,0.293,-0.059,-0.228,0.672,1.1,0.98,0.732,0.82,0.848,0.55,0.762,0.591,0.55,0.555,0.178,0.168,True,-0.357
2011,SBIN.NS,State Bank of India,Banking & Credit,Contraction,2,Eurozone Debt Crisis,-0.397,0.284,-0.162,-0.166,1.675,1.1,0.67,0.593,0.595,0.632,0.55,0.597,0.58,0.564,0.494,0.319,0.0497,False,-0.262
2011,HDFCBANK.NS,HDFC Bank,Banking & Credit,Contraction,2,Eurozone Debt Crisis,-0.652,0.8,-0.217,-0.104,1.467,1.1,0.793,0.528,0.526,0.523,0.55,0.531,0.584,0.538,0.488,0.292,0.0978,False,-0.589
2011,ICICIBANK.NS,ICICI Bank,Banking & Credit,Contraction,2,Eurozone Debt Crisis,-0.477,0.383,-0.167,-0.206,1.525,1.1,0.731,0.488,0.518,0.609,0.55,0.558,0.602,0.566,0.536,0.277,0.0801,False,-0.384
2011,AXISBANK.NS,Axis Bank,Banking & Credit,Contraction,2,Eurozone Debt Crisis,-0.569,0.622,-0.112,-0.255,1.667,1.1,0.708,0.434,0.515,0.497,0.55,0.517,0.594,0.582,0.496,0.331,0.0686,False,-0.347
2011,BAJFINANCE.NS,Bajaj Finance,NBFC & Consumer Credit,Contraction,2,Eurozone Debt Crisis,-0.596,0.738,-0.105,-0.182,1.759,1.1,0.669,0.457,0.485,0.51,0.55,0.51,0.62,0.576,0.547,0.379,0.0583,False,-0.593
2011,TCS.NS,Tata Consultancy Services,IT & Software Services,Contraction,2,Eurozone Debt Crisis,-0.552,0.383,-0.07,-0.255,0.295,7.33,0.98,0.246,0.207,0.186,0.55,0.285,0.574,0.58,0.511,0.824,0.0412,False,-0.35
2011,INFY.NS,Infosys,IT & Software Services,Contraction,2,Eurozone Debt Crisis,-0.496,0.469,-0.206,-0.223,0.325,6.28,0.944,0.216,0.182,0.238,0.55,0.294,0.592,0.515,0.51,0.846,0.0115,False,-0.46
2011,WIPRO.NS,Wipro Ltd,IT & Software Services,Contraction,2,Eurozone Debt Crisis,-0.415,0.293,-0.14,-0.285,0.421,3.38,0.897,0.209,0.198,0.169,0.55,0.276,0.616,0.557,0.543,0.905,-0.0185,False,-0.356
2011,HCLTECH.NS,HCL Technologies,IT & Software Services,Contraction,2,Eurozone Debt Crisis,-0.386,0.276,-0.068,-0.133,0.314,5.68,0.98,0.249,0.198,0.218,0.55,0.293,0.606,0.562,0.551,0.788,0.0081,False,-0.262
2011,ITC.NS,ITC Ltd,FMCG & Agri,Contraction,2,Eurozone Debt Crisis,-0.609,0.534,-0.068,-0.188,0.257,11.5,0.98,0.414,0.454,0.474,0.55,0.485,0.581,0.516,0.536,0.138,0.2118,True,-0.566
2011,HINDUNILVR.NS,Hindustan Unilever,FMCG,Contraction,2,Eurozone Debt Crisis,-0.573,0.564,-0.212,-0.147,0.3,9.22,0.98,0.322,0.411,0.396,0.55,0.44,0.583,0.558,0.501,0.196,0.1835,True,-0.567
2011,SUNPHARMA.NS,Sun Pharma,Pharma & Healthcare,Contraction,2,Eurozone Debt Crisis,-0.67,0.665,-0.243,-0.107,0.396,3.1,0.96,0.524,0.512,0.545,0.55,0.533,0.585,0.555,0.483,0.267,0.1742,True,-0.703
2011,CPSEETF.NS,CPSE ETF (PSU Giants),PSU ETF Basket,Contraction,2,Eurozone Debt Crisis,-0.468,0.371,-0.237,-0.279,1.039,1.36,0.98,0.94,0.957,0.99,0.9,0.954,0.63,0.536,0.54,0.091,0.236,True,-0.514
2011,NIFTYBEES.NS,Nifty 50 ETF,Broad Market ETF,Contraction,2,Eurozone Debt Crisis,-0.421,0.336,-0.187,-0.156,1.174,1.1,0.842,0.556,0.582,0.649,0.55,0.597,0.584,0.511,0.541,0.362,0.0829,False,-0.261
2011,JUNIORBEES.NS,Nifty Next 50 ETF,Broad Market ETF,Contraction,2,Eurozone Debt Crisis,-0.488,0.306,-0.099,-0.203,1.334,1.1,0.822,0.595,0.645,0.645,0.55,0.621,0.612,0.541,0.498,0.41,0.0952,False,-0.52
2011,GOLDBEES.NS,Nippon Gold ETF,Hard Commodity,Contraction,2,Eurozone Debt Crisis,-0.285,0.208,-0.131,-0.288,0.234,17.97,0.98,0.95,0.98,0.99,0.55,0.876,0.597,0.564,0.534,0.02,0.282,True,-0.195
2012,POWERGRID.NS,Power Grid Corp,Power & Grid,Trough,3,Taper Tantrum Lead-up,-0.34,0.266,-0.214,-0.145,1.65,1.1,0.839,0.898,0.902,0.94,0.9,0.915,0.617,0.513,0.527,0.02,0.1554,True,-0.336
2012,NTPC.NS,NTPC Limited,Power & Grid,Trough,3,Taper Tantrum Lead-up,-0.389,0.347,-0.219,-0.174,1.711,1.1,0.839,0.886,0.939,0.938,0.9,0.929,0.607,0.534,0.507,0.089,0.1664,True,-0.244
2012,ONGC.NS,ONGC,Oil & Gas / Energy,Trough,3,Taper Tantrum Lead-up,-0.333,0.344,-0.077,-0.105,0.653,1.49,0.98,0.913,0.98,0.99,0.55,0.876,0.602,0.519,0.483,0.09,0.226,True,-0.205
2012,COALINDIA.NS,Coal India,Mining & Resources,Trough,3,Taper Tantrum Lead-up,-0.439,0.514,-0.055,-0.12,0.41,3.36,0.98,0.746,0.822,0.79,0.55,0.743,0.641,0.535,0.467,0.029,0.2181,True,-0.31
2012,RELIANCE.NS,Reliance Industries,Energy & Infrastructure,Trough,3,Taper Tantrum Lead-up,-0.229,0.163,-0.056,-0.203,0.803,1.11,0.967,0.772,0.828,0.874,0.55,0.775,0.607,0.524,0.486,0.13,0.1383,True,-0.152
2012,TATAPOWER.NS,Tata Power,Power & Grid,Trough,3,Taper Tantrum Lead-up,-0.502,0.467,-0.077,-0.266,1.576,1.1,0.834,0.748,0.811,0.905,0.9,0.866,0.595,0.499,0.484,0.106,0.1855,True,-0.336
2012,IOC.NS,Indian Oil Corp,Oil & Gas / Energy,Trough,3,Taper Tantrum Lead-up,-0.523,0.448,-0.189,-0.119,1.208,1.1,0.836,0.795,0.796,0.857,0.55,0.756,0.593,0.493,0.497,0.113,0.1689,True,-0.488
2012,BPCL.NS,Bharat Petroleum,Oil & Gas / Energy,Trough,3,Taper Tantrum Lead-up,-0.256,0.233,-0.211,-0.192,1.378,1.1,0.811,0.745,0.811,0.853,0.55,0.76,0.634,0.499,0.499,0.134,0.1117,True,-0.264
2012,LT.NS,Larsen & Toubro,Infrastructure,Trough,3,Taper Tantrum Lead-up,-0.236,0.251,-0.136,-0.173,1.291,1.1,0.875,0.851,0.824,0.878,0.55,0.774,0.619,0.512,0.478,0.125,0.1173,True,-0.22
2012,ADANIPORTS.NS,Adani Ports & SEZ,Logistics & Ports,Trough,3,Taper Tantrum Lead-up,-0.278,0.27,-0.065,-0.087,1.564,1.1,0.789,0.893,0.938,0.987,0.9,0.946,0.624,0.471,0.49,0.09,0.1532,True,-0.179
2012,TATASTEEL.NS,Tata Steel,Metals & Mining,Trough,3,Taper Tantrum Lead-up,-0.478,0.319,-0.2,-0.242,1.406,1.1,0.911,0.821,0.92,0.924,0.55,0.829,0.59,0.53,0.523,0.093,0.1829,True,-0.323
2012,HINDALCO.NS,Hindalco Industries,Metals & Mining,Trough,3,Taper Tantrum Lead-up,-0.454,0.47,-0.202,-0.1,1.166,1.1,0.854,0.838,0.924,0.887,0.55,0.818,0.618,0.497,0.521,0.055,0.1835,True,-0.37
2012,JSWSTEEL.NS,JSW Steel,Metals & Mining,Trough,3,Taper Tantrum Lead-up,-0.54,0.56,-0.182,-0.188,1.56,1.1,0.866,0.838,0.925,0.909,0.55,0.826,0.627,0.533,0.501,0.1,0.1609,True,-0.333
2012,ULTRACEMCO.NS,UltraTech Cement,Infrastructure Materials,Trough,3,Taper Tantrum Lead-up,-0.472,0.562,-0.105,-0.275,0.635,1.63,0.98,0.759,0.792,0.876,0.55,0.761,0.626,0.482,0.474,0.058,0.2211,True,-0.376
2012,GRASIM.NS,Grasim Industries,Infrastructure Materials,Trough,3,Taper Tantrum Lead-up,-0.243,0.219,-0.237,-0.296,0.925,1.1,0.98,0.688,0.774,0.797,0.55,0.726,0.64,0.502,0.522,0.083,0.1353,True,-0.149
2012,CONCOR.NS,Container Corp of India,Logistics & Ports,Trough,3,Taper Tantrum Lead-up,-0.445,0.301,-0.061,-0.105,0.346,4.73,0.98,0.732,0.809,0.85,0.9,0.846,0.634,0.482,0.483,0.126,0.224,True,-0.426
2012,BHARTIARTL.NS,Bharti Airtel,Telecom & Digital Infra,Trough,3,Taper Tantrum Lead-up,-0.404,0.4,-0.181,-0.116,1.751,1.1,0.861,0.857,0.908,0.934,0.9,0.915,0.646,0.475,0.49,0.223,0.1266,True,-0.261
2012,SIEMENS.NS,Siemens India,Capital Goods,Trough,3,Taper Tantrum Lead-up,-0.469,0.399,-0.118,-0.135,0.236,6.48,0.98,0.756,0.73,0.77,0.55,0.699,0.635,0.506,0.532,0.252,0.221,True,-0.294
2012,ABB.NS,ABB India,Capital Goods,Trough,3,Taper Tantrum Lead-up,-0.254,0.166,-0.187,-0.148,0.231,5.26,0.98,0.669,0.704,0.779,0.55,0.692,0.606,0.475,0.475,0.224,0.1718,True,-0.258
2012,BHEL.NS,BHEL,Capital Goods,Trough,3,Taper Tantrum Lead-up,-0.353,0.308,-0.217,-0.274,0.632,1.1,0.98,0.725,0.787,0.809,0.55,0.735,0.623,0.532,0.488,0.163,0.1767,True,-0.376
2012,SBIN.NS,State Bank of India,Banking & Credit,Trough,3,Taper Tantrum Lead-up,-0.676,0.463,-0.09,-0.277,1.702,1.1,0.737,0.598,0.567,0.591,0.55,0.571,0.625,0.497,0.469,0.348,0.0798,False,-0.428
2012,HDFCBANK.NS,HDFC Bank,Banking & Credit,Trough,3,Taper Tantrum Lead-up,-0.623,0.497,-0.191,-0.094,1.509,1.1,0.673,0.519,0.528,0.518,0.55,0.53,0.639,0.539,0.481,0.367,0.0799,False,-0.482
2012,ICICIBANK.NS,ICICI Bank,Banking & Credit,Trough,3,Taper Tantrum Lead-up,-0.597,0.473,-0.178,-0.119,1.505,1.1,0.784,0.515,0.519,0.581,0.55,0.548,0.639,0.498,0.488,0.296,0.1035,True,-0.456
2012,AXISBANK.NS,Axis Bank,Banking & Credit,Trough,3,Taper Tantrum Lead-up,-0.554,0.383,-0.085,-0.215,1.601,1.1,0.714,0.478,0.538,0.506,0.55,0.53,0.618,0.484,0.535,0.292,0.0915,False,-0.522
2012,BAJFINANCE.NS,Bajaj Finance,NBFC & Consumer Credit,Trough,3,Taper Tantrum Lead-up,-0.36,0.288,-0.107,-0.285,1.733,1.1,0.675,0.439,0.439,0.508,0.55,0.491,0.615,0.469,0.509,0.424,0.011,False,-0.23
2012,TCS.NS,Tata Consultancy Services,IT & Software Services,Trough,3,Taper Tantrum Lead-up,-0.557,0.555,-0.229,-0.222,0.285,8.22,0.963,0.24,0.241,0.229,0.55,0.314,0.615,0.514,0.513,0.777,0.0328,False,-0.385
2012,INFY.NS,Infosys,IT & Software Services,Trough,3,Taper Tantrum Lead-up,-0.496,0.503,-0.15,-0.139,0.276,7.91,0.903,0.17,0.156,0.228,0.55,0.28,0.647,0.478,0.531,0.893,0.0165,False,-0.455
2012,WIPRO.NS,Wipro Ltd,IT & Software Services,Trough,3,Taper Tantrum Lead-up,-0.439,0.301,-0.221,-0.117,0.413,3.85,0.98,0.194,0.217,0.203,0.55,0.295,0.622,0.528,0.495,0.868,-0.0006,False,-0.319
2012,HCLTECH.NS,HCL Technologies,IT & Software Services,Trough,3,Taper Tantrum Lead-up,-0.667,0.655,-0.249,-0.085,0.384,5.37,0.961,0.197,0.238,0.228,0.55,0.312,0.648,0.492,0.518,0.765,0.0509,False,-0.669
2012,ITC.NS,ITC Ltd,FMCG & Agri,Trough,3,Taper Tantrum Lead-up,-0.481,0.362,-0.112,-0.274,0.305,10.48,0.98,0.422,0.522,0.457,0.55,0.506,0.646,0.474,0.51,0.122,0.1735,True,-0.42
2012,HINDUNILVR.NS,Hindustan Unilever,FMCG,Trough,3,Taper Tantrum Lead-up,-0.652,0.585,-0.23,-0.296,0.262,8.89,0.969,0.34,0.393,0.417,0.55,0.441,0.63,0.508,0.473,0.153,0.1777,True,-0.663
2012,SUNPHARMA.NS,Sun Pharma,Pharma & Healthcare,Trough,3,Taper Tantrum Lead-up,-0.663,0.797,-0.135,-0.214,0.417,3.05,0.978,0.544,0.568,0.544,0.55,0.555,0.592,0.507,0.461,0.279,0.1685,True,-0.411
2012,CPSEETF.NS,CPSE ETF (PSU Giants),PSU ETF Basket,Trough,3,Taper Tantrum Lead-up,-0.46,0.302,-0.175,-0.179,1.009,1.4,0.98,0.885,0.902,0.985,0.9,0.931,0.593,0.494,0.527,0.091,0.1982,True,-0.328
2012,NIFTYBEES.NS,Nifty 50 ETF,Broad Market ETF,Trough,3,Taper Tantrum Lead-up,-0.652,0.673,-0.1,-0.289,1.232,1.22,0.777,0.594,0.614,0.69,0.55,0.625,0.62,0.495,0.487,0.339,0.12,True,-0.444
2012,JUNIORBEES.NS,Nifty Next 50 ETF,Broad Market ETF,Trough,3,Taper Tantrum Lead-up,-0.561,0.498,-0.114,-0.288,1.307,1.1,0.86,0.538,0.574,0.619,0.55,0.584,0.592,0.491,0.516,0.369,0.0888,False,-0.409
2012,GOLDBEES.NS,Nippon Gold ETF,Hard Commodity,Trough,3,Taper Tantrum Lead-up,-0.328,0.225,-0.115,-0.119,0.289,19.94,0.98,0.948,0.98,0.99,0.55,0.876,0.614,0.473,0.519,0.02,0.2623,True,-0.241
2013,POWERGRID.NS,Power Grid Corp,Power & Grid,Expansion,0,INR Currency Shock,-0.118,0.06,0.159,0.071,1.379,1.74,0.82,0.939,0.972,0.99,0.9,0.96,0.648,0.56,0.573,0.043,0.1562,True,-0.104
2013,NTPC.NS,NTPC Limited,Power & Grid,Expansion,0,INR Currency Shock,-0.094,0.077,0.151,0.018,1.421,1.25,0.927,0.873,0.925,0.939,0.9,0.924,0.673,0.589,0.564,0.051,0.1641,True,-0.068
2013,ONGC.NS,ONGC,Oil & Gas / Energy,Expansion,0,INR Currency Shock,-0.185,0.089,0.115,0.137,0.421,2.7,0.98,0.95,0.962,0.99,0.55,0.869,0.661,0.556,0.574,0.038,0.2343,True,-0.132
2013,COALINDIA.NS,Coal India,Mining & Resources,Expansion,0,INR Currency Shock,-0.224,0.113,0.156,0.019,0.093,5.96,0.98,0.78,0.759,0.79,0.55,0.718,0.664,0.537,0.578,0.083,0.2308,True,-0.187
2013,RELIANCE.NS,Reliance Industries,Energy & Infrastructure,Expansion,0,INR Currency Shock,-0.14,0.098,0.067,0.149,0.56,1.95,0.98,0.763,0.874,0.896,0.55,0.801,0.678,0.514,0.611,0.158,0.1648,True,-0.119
2013,TATAPOWER.NS,Tata Power,Power & Grid,Expansion,0,INR Currency Shock,-0.221,0.104,0.067,0.12,1.329,1.1,0.884,0.781,0.882,0.873,0.9,0.883,0.662,0.582,0.603,0.118,0.162,True,-0.237
2013,IOC.NS,Indian Oil Corp,Oil & Gas / Energy,Expansion,0,INR Currency Shock,-0.131,0.107,0.137,0.078,0.927,1.47,0.927,0.746,0.835,0.869,0.55,0.776,0.66,0.555,0.567,0.053,0.131,True,-0.133
2013,BPCL.NS,Bharat Petroleum,Oil & Gas / Energy,Expansion,0,INR Currency Shock,-0.226,0.188,0.134,0.085,1.071,1.54,0.854,0.728,0.8,0.836,0.55,0.75,0.635,0.511,0.583,0.135,0.1447,True,-0.2
2013,LT.NS,Larsen & Toubro,Infrastructure,Expansion,0,INR Currency Shock,-0.202,0.153,0.07,0.03,1.025,1.42,0.957,0.806,0.872,0.893,0.55,0.799,0.631,0.589,0.576,0.123,0.1604,True,-0.222
2013,ADANIPORTS.NS,Adani Ports & SEZ,Logistics & Ports,Expansion,0,INR Currency Shock,-0.114,0.071,0.041,0.143,1.324,1.42,0.871,0.897,0.956,0.99,0.9,0.954,0.628,0.556,0.595,0.08,0.1645,True,-0.118
2013,TATASTEEL.NS,Tata Steel,Metals & Mining,Expansion,0,INR Currency Shock,-0.161,0.08,0.156,0.051,1.125,1.5,0.953,0.822,0.856,0.929,0.55,0.805,0.628,0.587,0.549,0.078,0.1457,True,-0.14
2013,HINDALCO.NS,Hindalco Industries,Metals & Mining,Expansion,0,INR Currency Shock,-0.122,0.054,0.027,0.115,0.899,1.44,0.922,0.85,0.886,0.903,0.55,0.808,0.661,0.53,0.565,0.101,0.1595,True,-0.123
2013,JSWSTEEL.NS,JSW Steel,Metals & Mining,Expansion,0,INR Currency Shock,-0.11,0.057,0.077,0.201,1.274,1.35,0.872,0.867,0.889,0.91,0.55,0.812,0.621,0.535,0.545,0.127,0.1216,True,-0.084
2013,ULTRACEMCO.NS,UltraTech Cement,Infrastructure Materials,Expansion,0,INR Currency Shock,-0.2,0.147,0.114,0.214,0.353,3.21,0.98,0.795,0.831,0.915,0.55,0.79,0.643,0.515,0.567,0.071,0.1917,True,-0.186
2013,GRASIM.NS,Grasim Industries,Infrastructure Materials,Expansion,0,INR Currency Shock,-0.167,0.098,0.126,0.103,0.62,2.06,0.98,0.708,0.718,0.823,0.55,0.713,0.659,0.515,0.605,0.154,0.1464,True,-0.18
2013,CONCOR.NS,Container Corp of India,Logistics & Ports,Expansion,0,INR Currency Shock,-0.225,0.132,0.046,0.164,0.028,8.94,0.98,0.77,0.788,0.823,0.9,0.828,0.633,0.515,0.584,0.09,0.2841,True,-0.2
2013,BHARTIARTL.NS,Bharti Airtel,Telecom & Digital Infra,Expansion,0,INR Currency Shock,-0.171,0.108,0.043,0.042,1.457,1.26,0.862,0.83,0.931,0.99,0.9,0.944,0.646,0.558,0.546,0.224,0.142,True,-0.153
2013,SIEMENS.NS,Siemens India,Capital Goods,Expansion,0,INR Currency Shock,-0.195,0.08,0.04,0.194,0.01,11.01,0.98,0.716,0.768,0.793,0.55,0.722,0.678,0.524,0.598,0.174,0.2318,True,-0.167
2013,ABB.NS,ABB India,Capital Goods,Expansion,0,INR Currency Shock,-0.246,0.099,0.034,0.181,0.01,13.03,0.98,0.678,0.745,0.784,0.55,0.71,0.637,0.521,0.575,0.254,0.2175,True,-0.154
2013,BHEL.NS,BHEL,Capital Goods,Expansion,0,INR Currency Shock,-0.086,0.038,0.114,0.084,0.394,1.25,0.98,0.716,0.782,0.789,0.55,0.726,0.668,0.554,0.606,0.153,0.1707,True,-0.077
2013,SBIN.NS,State Bank of India,Banking & Credit,Expansion,0,INR Currency Shock,-0.136,0.094,0.03,0.137,1.396,1.43,0.795,0.563,0.55,0.615,0.55,0.573,0.666,0.552,0.558,0.317,0.0149,False,-0.112
2013,HDFCBANK.NS,HDFC Bank,Banking & Credit,Expansion,0,INR Currency Shock,-0.148,0.081,0.081,0.186,1.228,1.34,0.77,0.486,0.48,0.542,0.55,0.519,0.629,0.55,0.545,0.277,0.0356,False,-0.131
2013,ICICIBANK.NS,ICICI Bank,Banking & Credit,Expansion,0,INR Currency Shock,-0.213,0.112,0.123,0.02,1.271,1.43,0.886,0.466,0.506,0.536,0.55,0.528,0.677,0.577,0.564,0.268,0.0389,False,-0.141
2013,AXISBANK.NS,Axis Bank,Banking & Credit,Expansion,0,INR Currency Shock,-0.06,0.043,0.081,0.126,1.359,1.23,0.74,0.463,0.553,0.543,0.55,0.549,0.625,0.51,0.594,0.344,-0.0009,False,-0.051
2013,BAJFINANCE.NS,Bajaj Finance,NBFC & Consumer Credit,Expansion,0,INR Currency Shock,-0.13,0.061,0.07,0.093,1.456,1.1,0.722,0.411,0.432,0.532,0.55,0.496,0.634,0.518,0.554,0.41,-0.0049,False,-0.114
2013,TCS.NS,Tata Consultancy Services,IT & Software Services,Expansion,0,INR Currency Shock,-0.051,0.034,0.16,0.184,0.025,18.25,0.975,0.174,0.195,0.243,0.55,0.301,0.633,0.542,0.573,0.868,-0.024,False,-0.051
2013,INFY.NS,Infosys,IT & Software Services,Expansion,0,INR Currency Shock,-0.077,0.06,0.131,0.039,0.037,15.4,0.98,0.189,0.222,0.222,0.55,0.304,0.645,0.554,0.572,0.852,0.016,False,-0.051
2013,WIPRO.NS,Wipro Ltd,IT & Software Services,Expansion,0,INR Currency Shock,-0.069,0.028,0.053,0.085,0.123,7.67,0.958,0.149,0.244,0.239,0.55,0.319,0.66,0.549,0.573,0.866,-0.0173,False,-0.061
2013,HCLTECH.NS,HCL Technologies,IT & Software Services,Expansion,0,INR Currency Shock,-0.245,0.147,0.145,0.128,0.078,10.71,0.98,0.228,0.202,0.261,0.55,0.31,0.636,0.566,0.585,0.81,0.0328,False,-0.222
2013,ITC.NS,ITC Ltd,FMCG & Agri,Expansion,0,INR Currency Shock,-0.192,0.159,0.099,0.07,0.01,19.22,0.98,0.44,0.482,0.496,0.55,0.504,0.664,0.512,0.587,0.194,0.1679,True,-0.16
2013,HINDUNILVR.NS,Hindustan Unilever,FMCG,Expansion,0,INR Currency Shock,-0.211,0.172,0.158,0.131,0.01,20.55,0.98,0.339,0.37,0.417,0.55,0.431,0.673,0.558,0.605,0.173,0.1872,True,-0.223
2013,SUNPHARMA.NS,Sun Pharma,Pharma & Healthcare,Expansion,0,INR Currency Shock,-0.139,0.071,0.088,0.139,0.094,6.18,0.98,0.464,0.5,0.535,0.55,0.525,0.625,0.517,0.554,0.252,0.1335,True,-0.103
2013,CPSEETF.NS,CPSE ETF (PSU Giants),PSU ETF Basket,Expansion,0,INR Currency Shock,-0.063,0.051,0.045,0.196,0.726,3.15,0.961,0.898,0.941,0.99,0.9,0.948,0.648,0.555,0.593,0.078,0.2002,True,-0.069
2013,NIFTYBEES.NS,Nifty 50 ETF,Broad Market ETF,Expansion,0,INR Currency Shock,-0.199,0.134,0.042,0.19,0.923,2.02,0.98,0.546,0.603,0.692,0.55,0.621,0.65,0.564,0.559,0.376,0.0764,False,-0.151
2013,JUNIORBEES.NS,Nifty Next 50 ETF,Broad Market ETF,Expansion,0,INR Currency Shock,-0.094,0.043,0.131,0.213,1.026,1.71,0.965,0.597,0.652,0.622,0.55,0.616,0.644,0.52,0.594,0.423,0.0313,False,-0.066
2013,GOLDBEES.NS,Nippon Gold ETF,Hard Commodity,Expansion,0,INR Currency Shock,-0.169,0.109,0.052,0.175,0.01,33.63,0.98,0.95,0.98,0.99,0.55,0.876,0.675,0.54,0.6,0.05,0.3027,True,-0.117
2014,POWERGRID.NS,Power Grid Corp,Power & Grid,Expansion,0,India General Election Rally,-0.2,0.124,0.149,0.194,1.37,1.46,0.852,0.827,0.923,0.937,0.9,0.922,0.688,0.629,0.649,0.076,0.159,True,-0.189
2014,NTPC.NS,NTPC Limited,Power & Grid,Expansion,0,India General Election Rally,-0.226,0.141,0.148,0.191,1.421,1.44,0.83,0.85,0.907,0.936,0.9,0.915,0.678,0.636,0.606,0.096,0.1798,True,-0.227
2014,ONGC.NS,ONGC,Oil & Gas / Energy,Expansion,0,India General Election Rally,-0.114,0.075,0.16,0.045,0.421,2.89,0.98,0.856,0.966,0.99,0.55,0.87,0.673,0.617,0.618,0.095,0.2048,True,-0.078
2014,COALINDIA.NS,Coal India,Mining & Resources,Expansion,0,India General Election Rally,-0.158,0.069,0.153,0.159,0.092,6.58,0.98,0.776,0.789,0.833,0.55,0.745,0.676,0.627,0.634,0.06,0.242,True,-0.164
2014,RELIANCE.NS,Reliance Industries,Energy & Infrastructure,Expansion,0,India General Election Rally,-0.114,0.056,0.063,0.062,0.553,1.97,0.98,0.866,0.816,0.939,0.55,0.793,0.727,0.584,0.642,0.139,0.1579,True,-0.069
2014,TATAPOWER.NS,Tata Power,Power & Grid,Expansion,0,India General Election Rally,-0.162,0.069,0.101,0.117,1.325,1.4,0.848,0.783,0.824,0.882,0.9,0.863,0.678,0.639,0.6,0.057,0.166,True,-0.145
2014,IOC.NS,Indian Oil Corp,Oil & Gas / Energy,Expansion,0,India General Election Rally,-0.166,0.092,0.061,0.168,0.926,1.69,0.98,0.743,0.851,0.87,0.55,0.782,0.701,0.586,0.628,0.14,0.1431,True,-0.176
2014,BPCL.NS,Bharat Petroleum,Oil & Gas / Energy,Expansion,0,India General Election Rally,-0.067,0.029,0.139,0.045,1.077,1.28,0.868,0.73,0.749,0.774,0.55,0.708,0.677,0.565,0.638,0.143,0.0967,False,-0.05
2014,LT.NS,Larsen & Toubro,Infrastructure,Expansion,0,India General Election Rally,-0.243,0.097,0.057,0.021,1.025,1.55,0.929,0.835,0.883,0.871,0.55,0.796,0.681,0.563,0.611,0.15,0.1426,True,-0.2
2014,ADANIPORTS.NS,Adani Ports & SEZ,Logistics & Ports,Expansion,0,India General Election Rally,-0.158,0.064,0.097,0.217,1.323,1.3,0.957,0.95,0.917,0.99,0.9,0.938,0.715,0.58,0.623,0.109,0.1781,True,-0.102
2014,TATASTEEL.NS,Tata Steel,Metals & Mining,Expansion,0,India General Election Rally,-0.183,0.08,0.02,0.075,1.123,1.34,0.855,0.848,0.876,0.972,0.55,0.828,0.684,0.579,0.585,0.049,0.1632,True,-0.136
2014,HINDALCO.NS,Hindalco Industries,Metals & Mining,Expansion,0,India General Election Rally,-0.229,0.094,0.03,0.073,0.896,1.59,0.98,0.889,0.881,0.91,0.55,0.808,0.688,0.586,0.593,0.118,0.151,True,-0.21
2014,JSWSTEEL.NS,JSW Steel,Metals & Mining,Expansion,0,India General Election Rally,-0.234,0.096,0.06,0.191,1.279,1.1,0.958,0.813,0.925,0.939,0.55,0.836,0.68,0.628,0.581,0.101,0.1691,True,-0.25
2014,ULTRACEMCO.NS,UltraTech Cement,Infrastructure Materials,Expansion,0,India General Election Rally,-0.175,0.102,0.107,0.044,0.351,3.63,0.98,0.764,0.818,0.863,0.55,0.767,0.711,0.573,0.605,0.07,0.221,True,-0.17
2014,GRASIM.NS,Grasim Industries,Infrastructure Materials,Expansion,0,India General Election Rally,-0.242,0.156,0.173,0.21,0.624,1.87,0.98,0.67,0.744,0.785,0.55,0.71,0.691,0.563,0.594,0.099,0.1872,True,-0.162
2014,CONCOR.NS,Container Corp of India,Logistics & Ports,Expansion,0,India General Election Rally,-0.124,0.086,0.043,0.207,0.022,7.94,0.98,0.746,0.826,0.823,0.9,0.843,0.725,0.631,0.63,0.111,0.2575,True,-0.095
2014,BHARTIARTL.NS,Bharti Airtel,Telecom & Digital Infra,Expansion,0,India General Election Rally,-0.174,0.127,0.051,0.06,1.457,1.2,0.833,0.838,0.934,0.99,0.9,0.945,0.688,0.611,0.628,0.2,0.1408,True,-0.176
2014,SIEMENS.NS,Siemens India,Capital Goods,Expansion,0,India General Election Rally,-0.181,0.087,0.024,0.155,0.01,12.48,0.98,0.662,0.696,0.801,0.55,0.696,0.689,0.564,0.629,0.194,0.2246,True,-0.116
2014,ABB.NS,ABB India,Capital Goods,Expansion,0,India General Election Rally,-0.225,0.141,0.168,0.044,0.01,10.82,0.98,0.729,0.665,0.747,0.55,0.665,0.728,0.576,0.639,0.245,0.2406,True,-0.197
2014,BHEL.NS,BHEL,Capital Goods,Expansion,0,India General Election Rally,-0.098,0.06,0.172,0.165,0.395,1.1,0.98,0.8,0.77,0.815,0.55,0.731,0.706,0.63,0.584,0.116,0.1789,True,-0.07
2014,SBIN.NS,State Bank of India,Banking & Credit,Expansion,0,India General Election Rally,-0.152,0.092,0.166,0.129,1.393,1.42,0.777,0.531,0.624,0.601,0.55,0.597,0.716,0.625,0.607,0.293,0.0703,False,-0.119
2014,HDFCBANK.NS,HDFC Bank,Banking & Credit,Expansion,0,India General Election Rally,-0.171,0.135,0.084,0.151,1.222,1.67,0.839,0.529,0.556,0.578,0.55,0.562,0.697,0.62,0.609,0.333,0.0372,False,-0.167
2014,ICICIBANK.NS,ICICI Bank,Banking & Credit,Expansion,0,India General Election Rally,-0.057,0.027,0.173,0.1,1.275,1.28,0.778,0.55,0.544,0.549,0.55,0.547,0.699,0.632,0.622,0.331,0.0176,False,-0.05
2014,AXISBANK.NS,Axis Bank,Banking & Credit,Expansion,0,India General Election Rally,-0.117,0.051,0.108,0.042,1.359,1.12,0.7,0.425,0.552,0.507,0.55,0.536,0.714,0.608,0.639,0.357,0.0443,False,-0.104
2014,BAJFINANCE.NS,Bajaj Finance,NBFC & Consumer Credit,Expansion,0,India General Election Rally,-0.087,0.044,0.083,0.109,1.457,1.17,0.679,0.498,0.434,0.481,0.55,0.479,0.721,0.587,0.65,0.339,0.0168,False,-0.089
2014,TCS.NS,Tata Consultancy Services,IT & Software Services,Expansion,0,India General Election Rally,-0.211,0.143,0.027,0.078,0.028,15.86,0.98,0.225,0.214,0.231,0.55,0.304,0.704,0.629,0.633,0.814,0.058,False,-0.202
2014,INFY.NS,Infosys,IT & Software Services,Expansion,0,India General Election Rally,-0.189,0.1,0.11,0.136,0.031,14.52,0.98,0.126,0.212,0.168,0.55,0.281,0.68,0.59,0.629,0.897,0.0185,False,-0.201
2014,WIPRO.NS,Wipro Ltd,IT & Software Services,Expansion,0,India General Election Rally,-0.152,0.081,0.074,0.119,0.122,8.14,0.968,0.21,0.212,0.217,0.55,0.298,0.682,0.624,0.595,0.838,-0.0,False,-0.141
2014,HCLTECH.NS,HCL Technologies,IT & Software Services,Expansion,0,India General Election Rally,-0.15,0.092,0.138,0.018,0.076,10.08,0.98,0.202,0.274,0.276,0.55,0.344,0.698,0.587,0.654,0.731,0.0408,False,-0.146
2014,ITC.NS,ITC Ltd,FMCG & Agri,Expansion,0,India General Election Rally,-0.153,0.087,0.032,0.032,0.01,18.91,0.98,0.452,0.484,0.474,0.55,0.497,0.72,0.579,0.596,0.15,0.2041,True,-0.097
2014,HINDUNILVR.NS,Hindustan Unilever,FMCG,Expansion,0,India General Election Rally,-0.241,0.136,0.155,0.065,0.01,17.54,0.98,0.296,0.401,0.354,0.55,0.422,0.695,0.563,0.616,0.188,0.1828,True,-0.185
2014,SUNPHARMA.NS,Sun Pharma,Pharma & Healthcare,Expansion,0,India General Election Rally,-0.056,0.024,0.116,0.157,0.097,6.03,0.98,0.452,0.552,0.587,0.55,0.564,0.687,0.61,0.616,0.248,0.1662,True,-0.05
2014,CPSEETF.NS,CPSE ETF (PSU Giants),PSU ETF Basket,Expansion,0,India General Election Rally,-0.141,0.092,0.075,0.189,0.727,3.25,0.967,0.878,0.965,0.977,0.9,0.953,0.704,0.601,0.588,0.02,0.2356,True,-0.111
2014,NIFTYBEES.NS,Nifty 50 ETF,Broad Market ETF,Expansion,0,India General Election Rally,-0.134,0.061,0.085,0.195,0.924,1.89,0.948,0.652,0.638,0.63,0.55,0.613,0.709,0.632,0.63,0.313,0.0702,False,-0.094
2014,JUNIORBEES.NS,Nifty Next 50 ETF,Broad Market ETF,Expansion,0,India General Election Rally,-0.155,0.104,0.119,0.018,1.021,2.02,0.918,0.556,0.577,0.659,0.55,0.599,0.69,0.597,0.592,0.448,0.0308,False,-0.103
2014,GOLDBEES.NS,Nippon Gold ETF,Hard Commodity,Expansion,0,India General Election Rally,-0.161,0.071,0.162,0.028,0.01,38.52,0.98,0.95,0.98,0.99,0.55,0.876,0.702,0.633,0.611,0.043,0.2862,True,-0.172
2015,POWERGRID.NS,Power Grid Corp,Power & Grid,Contraction,2,2015-2016 Commodity Slump,-0.44,0.323,-0.097,-0.096,1.675,1.1,0.83,0.864,0.968,0.95,0.9,0.945,0.662,0.324,0.499,0.02,0.1075,True,-0.326
2015,NTPC.NS,NTPC Limited,Power & Grid,Contraction,2,2015-2016 Commodity Slump,-0.285,0.248,-0.076,-0.26,1.68,1.1,0.815,0.876,0.94,0.925,0.9,0.925,0.707,0.278,0.466,0.106,0.0628,False,-0.258
2015,ONGC.NS,ONGC,Oil & Gas / Energy,Contraction,2,2015-2016 Commodity Slump,-0.495,0.457,-0.17,-0.287,0.694,1.64,0.98,0.847,0.925,0.988,0.55,0.853,0.685,0.331,0.452,0.07,0.3231,True,-0.401
2015,COALINDIA.NS,Coal India,Mining & Resources,Contraction,2,2015-2016 Commodity Slump,-0.537,0.491,-0.054,-0.207,0.39,3.15,0.98,0.691,0.807,0.838,0.55,0.754,0.68,0.333,0.497,0.048,0.348,True,-0.554
2015,RELIANCE.NS,Reliance Industries,Energy & Infrastructure,Contraction,2,2015-2016 Commodity Slump,-0.265,0.224,-0.236,-0.179,0.826,1.11,0.98,0.876,0.881,0.869,0.55,0.794,0.675,0.33,0.456,0.183,0.2374,True,-0.166
2015,TATAPOWER.NS,Tata Power,Power & Grid,Contraction,2,2015-2016 Commodity Slump,-0.486,0.538,-0.19,-0.128,1.647,1.1,0.755,0.796,0.876,0.864,0.9,0.878,0.678,0.278,0.453,0.083,0.1088,True,-0.375
2015,IOC.NS,Indian Oil Corp,Oil & Gas / Energy,Contraction,2,2015-2016 Commodity Slump,-0.225,0.268,-0.231,-0.141,1.249,1.1,0.831,0.827,0.815,0.875,0.55,0.77,0.667,0.275,0.443,0.042,0.1287,True,-0.15
2015,BPCL.NS,Bharat Petroleum,Oil & Gas / Energy,Contraction,2,2015-2016 Commodity Slump,-0.299,0.197,-0.163,-0.182,1.347,1.1,0.837,0.683,0.805,0.775,0.55,0.731,0.679,0.291,0.511,0.139,0.0253,False,-0.271
2015,LT.NS,Larsen & Toubro,Infrastructure,Contraction,2,2015-2016 Commodity Slump,-0.503,0.398,-0.193,-0.239,1.343,1.1,0.871,0.814,0.839,0.939,0.55,0.802,0.674,0.34,0.444,0.128,0.07,False,-0.341
2015,ADANIPORTS.NS,Adani Ports & SEZ,Logistics & Ports,Contraction,2,2015-2016 Commodity Slump,-0.231,0.148,-0.183,-0.174,1.594,1.1,0.793,0.898,0.925,0.99,0.9,0.942,0.705,0.26,0.505,0.105,0.047,False,-0.157
2015,TATASTEEL.NS,Tata Steel,Metals & Mining,Contraction,2,2015-2016 Commodity Slump,-0.308,0.193,-0.192,-0.182,1.446,1.1,0.776,0.831,0.898,0.961,0.55,0.833,0.682,0.292,0.454,0.128,0.0682,False,-0.262
2015,HINDALCO.NS,Hindalco Industries,Metals & Mining,Contraction,2,2015-2016 Commodity Slump,-0.348,0.317,-0.096,-0.262,1.18,1.1,0.922,0.863,0.884,0.963,0.55,0.828,0.673,0.288,0.475,0.118,0.2412,True,-0.347
2015,JSWSTEEL.NS,JSW Steel,Metals & Mining,Contraction,2,2015-2016 Commodity Slump,-0.464,0.575,-0.12,-0.188,1.558,1.1,0.873,0.819,0.865,0.935,0.55,0.811,0.677,0.337,0.486,0.136,0.058,False,-0.41
2015,ULTRACEMCO.NS,UltraTech Cement,Infrastructure Materials,Contraction,2,2015-2016 Commodity Slump,-0.42,0.281,-0.201,-0.087,0.667,1.7,0.98,0.785,0.799,0.877,0.55,0.764,0.707,0.28,0.468,0.11,0.1958,True,-0.345
2015,GRASIM.NS,Grasim Industries,Infrastructure Materials,Contraction,2,2015-2016 Commodity Slump,-0.534,0.482,-0.179,-0.231,0.882,1.1,0.98,0.693,0.78,0.756,0.55,0.714,0.679,0.286,0.455,0.091,0.1882,True,-0.43
2015,CONCOR.NS,Container Corp of India,Logistics & Ports,Contraction,2,2015-2016 Commodity Slump,-0.35,0.402,-0.115,-0.286,0.294,4.6,0.98,0.729,0.816,0.853,0.9,0.85,0.686,0.319,0.457,0.114,0.2087,True,-0.358
2015,BHARTIARTL.NS,Bharti Airtel,Telecom & Digital Infra,Contraction,2,2015-2016 Commodity Slump,-0.435,0.336,-0.141,-0.272,1.726,1.1,0.73,0.934,0.881,0.944,0.9,0.908,0.667,0.279,0.457,0.171,0.0784,False,-0.308
2015,SIEMENS.NS,Siemens India,Capital Goods,Contraction,2,2015-2016 Commodity Slump,-0.528,0.501,-0.197,-0.189,0.257,6.09,0.98,0.755,0.765,0.749,0.55,0.706,0.697,0.329,0.508,0.206,0.2227,True,-0.399
2015,ABB.NS,ABB India,Capital Goods,Contraction,2,2015-2016 Commodity Slump,-0.297,0.285,-0.088,-0.235,0.236,6.11,0.98,0.669,0.697,0.763,0.55,0.683,0.677,0.318,0.495,0.289,0.1474,True,-0.277
2015,BHEL.NS,BHEL,Capital Goods,Contraction,2,2015-2016 Commodity Slump,-0.393,0.368,-0.134,-0.104,0.681,1.1,0.962,0.78,0.794,0.807,0.55,0.738,0.684,0.311,0.481,0.095,0.1587,True,-0.332
2015,SBIN.NS,State Bank of India,Banking & Credit,Contraction,2,2015-2016 Commodity Slump,-0.636,0.412,-0.076,-0.144,1.651,1.1,0.725,0.529,0.553,0.602,0.55,0.569,0.656,0.322,0.505,0.327,-0.01,False,-0.586
2015,HDFCBANK.NS,HDFC Bank,Banking & Credit,Contraction,2,2015-2016 Commodity Slump,-0.469,0.542,-0.163,-0.236,1.533,1.1,0.765,0.495,0.528,0.513,0.55,0.528,0.683,0.271,0.495,0.35,-0.0461,False,-0.306
2015,ICICIBANK.NS,ICICI Bank,Banking & Credit,Contraction,2,2015-2016 Commodity Slump,-0.394,0.269,-0.125,-0.283,1.515,1.1,0.756,0.516,0.507,0.584,0.55,0.545,0.657,0.264,0.461,0.274,-0.0395,False,-0.312
2015,AXISBANK.NS,Axis Bank,Banking & Credit,Contraction,2,2015-2016 Commodity Slump,-0.589,0.449,-0.182,-0.081,1.674,1.1,0.755,0.505,0.465,0.547,0.55,0.515,0.666,0.282,0.514,0.282,-0.0018,False,-0.567
2015,BAJFINANCE.NS,Bajaj Finance,NBFC & Consumer Credit,Contraction,2,2015-2016 Commodity Slump,-0.466,0.516,-0.12,-0.084,1.764,1.1,0.748,0.398,0.505,0.507,0.55,0.517,0.705,0.295,0.443,0.366,-0.0287,False,-0.443
2015,TCS.NS,Tata Consultancy Services,IT & Software Services,Contraction,2,2015-2016 Commodity Slump,-0.577,0.473,-0.237,-0.086,0.296,7.02,0.964,0.196,0.253,0.231,0.55,0.32,0.672,0.298,0.468,0.838,0.0196,False,-0.553
2015,INFY.NS,Infosys,IT & Software Services,Contraction,2,2015-2016 Commodity Slump,-0.393,0.26,-0.16,-0.199,0.287,6.8,0.913,0.199,0.15,0.206,0.55,0.27,0.655,0.314,0.506,0.824,-0.0268,False,-0.401
2015,WIPRO.NS,Wipro Ltd,IT & Software Services,Contraction,2,2015-2016 Commodity Slump,-0.409,0.29,-0.24,-0.114,0.438,3.65,0.946,0.153,0.16,0.242,0.55,0.286,0.676,0.287,0.484,0.839,-0.0302,False,-0.365
2015,HCLTECH.NS,HCL Technologies,IT & Software Services,Contraction,2,2015-2016 Commodity Slump,-0.674,0.803,-0.135,-0.12,0.319,4.89,0.925,0.167,0.24,0.269,0.55,0.328,0.67,0.288,0.488,0.757,0.0216,False,-0.652
2015,ITC.NS,ITC Ltd,FMCG & Agri,Contraction,2,2015-2016 Commodity Slump,-0.638,0.706,-0.115,-0.111,0.273,11.06,0.98,0.471,0.443,0.483,0.55,0.484,0.708,0.31,0.455,0.111,0.2104,True,-0.567
2015,HINDUNILVR.NS,Hindustan Unilever,FMCG,Contraction,2,2015-2016 Commodity Slump,-0.399,0.388,-0.122,-0.231,0.282,10.74,0.98,0.39,0.323,0.405,0.55,0.408,0.707,0.263,0.486,0.147,0.1388,True,-0.274
2015,SUNPHARMA.NS,Sun Pharma,Pharma & Healthcare,Contraction,2,2015-2016 Commodity Slump,-0.515,0.337,-0.221,-0.158,0.344,3.41,0.98,0.465,0.489,0.571,0.55,0.533,0.664,0.273,0.495,0.259,0.1545,True,-0.389
2015,CPSEETF.NS,CPSE ETF (PSU Giants),PSU ETF Basket,Contraction,2,2015-2016 Commodity Slump,-0.364,0.363,-0.067,-0.242,0.995,1.4,0.98,0.855,0.903,0.956,0.9,0.921,0.704,0.268,0.493,0.101,0.1659,True,-0.395
2015,NIFTYBEES.NS,Nifty 50 ETF,Broad Market ETF,Contraction,2,2015-2016 Commodity Slump,-0.649,0.709,-0.229,-0.207,1.195,1.22,0.88,0.576,0.599,0.644,0.55,0.602,0.698,0.271,0.45,0.364,0.0839,False,-0.421
2015,JUNIORBEES.NS,Nifty Next 50 ETF,Broad Market ETF,Contraction,2,2015-2016 Commodity Slump,-0.457,0.339,-0.124,-0.241,1.267,1.1,0.88,0.562,0.625,0.641,0.55,0.612,0.652,0.296,0.511,0.407,0.0675,False,-0.501
2015,GOLDBEES.NS,Nippon Gold ETF,Hard Commodity,Contraction,2,2015-2016 Commodity Slump,-0.47,0.327,-0.229,-0.128,0.216,18.85,0.98,0.95,0.98,0.99,0.55,0.876,0.705,0.291,0.49,0.02,0.2778,True,-0.355
2016,POWERGRID.NS,Power Grid Corp,Power & Grid,Trough,3,2015-2016 Commodity Slump,-0.467,0.547,-0.196,-0.099,1.676,1.1,0.872,0.841,0.961,0.987,0.9,0.955,0.728,0.368,0.481,0.072,0.1013,True,-0.368
2016,NTPC.NS,NTPC Limited,Power & Grid,Trough,3,2015-2016 Commodity Slump,-0.353,0.398,-0.247,-0.1,1.713,1.1,0.836,0.818,0.908,0.927,0.9,0.913,0.706,0.376,0.54,0.051,0.0844,False,-0.329
2016,ONGC.NS,ONGC,Oil & Gas / Energy,Trough,3,2015-2016 Commodity Slump,-0.232,0.249,-0.19,-0.278,0.747,1.72,0.98,0.935,0.909,0.99,0.55,0.848,0.706,0.375,0.49,0.02,0.2782,True,-0.253
2016,COALINDIA.NS,Coal India,Mining & Resources,Trough,3,2015-2016 Commodity Slump,-0.527,0.623,-0.226,-0.172,0.383,3.16,0.98,0.808,0.82,0.808,0.55,0.748,0.746,0.35,0.527,0.035,0.3531,True,-0.509
2016,RELIANCE.NS,Reliance Industries,Energy & Infrastructure,Trough,3,2015-2016 Commodity Slump,-0.221,0.187,-0.087,-0.205,0.797,1.1,0.98,0.768,0.847,0.905,0.55,0.793,0.738,0.358,0.531,0.141,0.2508,True,-0.202
2016,TATAPOWER.NS,Tata Power,Power & Grid,Trough,3,2015-2016 Commodity Slump,-0.48,0.346,-0.186,-0.189,1.592,1.1,0.737,0.742,0.877,0.859,0.9,0.876,0.7,0.387,0.528,0.136,0.0916,False,-0.471
2016,IOC.NS,Indian Oil Corp,Oil & Gas / Energy,Trough,3,2015-2016 Commodity Slump,-0.548,0.481,-0.106,-0.203,1.164,1.1,0.827,0.79,0.815,0.859,0.55,0.764,0.734,0.329,0.525,0.099,0.2626,True,-0.394
2016,BPCL.NS,Bharat Petroleum,Oil & Gas / Energy,Trough,3,2015-2016 Commodity Slump,-0.402,0.338,-0.209,-0.162,1.363,1.1,0.831,0.711,0.814,0.828,0.55,0.753,0.712,0.39,0.498,0.099,0.0756,False,-0.425
2016,LT.NS,Larsen & Toubro,Infrastructure,Trough,3,2015-2016 Commodity Slump,-0.397,0.398,-0.067,-0.226,1.33,1.1,0.907,0.83,0.86,0.877,0.55,0.788,0.747,0.353,0.511,0.124,0.0617,False,-0.313
2016,ADANIPORTS.NS,Adani Ports & SEZ,Logistics & Ports,Trough,3,2015-2016 Commodity Slump,-0.416,0.27,-0.108,-0.208,1.56,1.1,0.831,0.95,0.938,0.985,0.9,0.945,0.721,0.317,0.539,0.077,0.0986,False,-0.371
2016,TATASTEEL.NS,Tata Steel,Metals & Mining,Trough,3,2015-2016 Commodity Slump,-0.294,0.22,-0.127,-0.104,1.361,1.1,0.823,0.878,0.878,0.963,0.55,0.826,0.695,0.336,0.48,0.129,0.0549,False,-0.284
2016,HINDALCO.NS,Hindalco Industries,Metals & Mining,Trough,3,2015-2016 Commodity Slump,-0.544,0.362,-0.057,-0.225,1.188,1.1,0.871,0.814,0.873,0.903,0.55,0.803,0.71,0.311,0.514,0.123,0.2582,True,-0.37
2016,JSWSTEEL.NS,JSW Steel,Metals & Mining,Trough,3,2015-2016 Commodity Slump,-0.296,0.204,-0.17,-0.092,1.579,1.1,0.745,0.865,0.873,0.924,0.55,0.81,0.714,0.372,0.499,0.14,0.0673,False,-0.191
2016,ULTRACEMCO.NS,UltraTech Cement,Infrastructure Materials,Trough,3,2015-2016 Commodity Slump,-0.455,0.291,-0.24,-0.267,0.674,1.82,0.98,0.764,0.871,0.908,0.55,0.804,0.722,0.356,0.512,0.022,0.2343,True,-0.283
2016,GRASIM.NS,Grasim Industries,Infrastructure Materials,Trough,3,2015-2016 Commodity Slump,-0.546,0.443,-0.158,-0.19,0.864,1.1,0.975,0.772,0.773,0.818,0.55,0.733,0.694,0.365,0.5,0.137,0.177,True,-0.368
2016,CONCOR.NS,Container Corp of India,Logistics & Ports,Trough,3,2015-2016 Commodity Slump,-0.379,0.442,-0.125,-0.244,0.315,4.06,0.98,0.774,0.764,0.873,0.9,0.836,0.738,0.375,0.538,0.08,0.2412,True,-0.37
2016,BHARTIARTL.NS,Bharti Airtel,Telecom & Digital Infra,Trough,3,2015-2016 Commodity Slump,-0.267,0.304,-0.232,-0.242,1.693,1.1,0.804,0.831,0.916,0.99,0.9,0.938,0.742,0.32,0.518,0.14,0.0731,False,-0.208
2016,SIEMENS.NS,Siemens India,Capital Goods,Trough,3,2015-2016 Commodity Slump,-0.508,0.34,-0.131,-0.272,0.299,5.8,0.98,0.668,0.756,0.8,0.55,0.72,0.716,0.323,0.516,0.246,0.1873,True,-0.433
2016,ABB.NS,ABB India,Capital Goods,Trough,3,2015-2016 Commodity Slump,-0.27,0.226,-0.156,-0.192,0.311,6.51,0.98,0.734,0.718,0.74,0.55,0.684,0.741,0.377,0.492,0.223,0.1671,True,-0.239
2016,BHEL.NS,BHEL,Capital Goods,Trough,3,2015-2016 Commodity Slump,-0.237,0.227,-0.216,-0.199,0.644,1.1,0.98,0.73,0.748,0.804,0.55,0.718,0.708,0.313,0.486,0.144,0.1391,True,-0.184
2016,SBIN.NS,State Bank of India,Banking & Credit,Trough,3,2015-2016 Commodity Slump,-0.429,0.445,-0.108,-0.295,1.665,1.1,0.702,0.521,0.552,0.602,0.55,0.569,0.715,0.372,0.487,0.306,-0.0253,False,-0.417
2016,HDFCBANK.NS,HDFC Bank,Banking & Credit,Trough,3,2015-2016 Commodity Slump,-0.575,0.377,-0.225,-0.261,1.455,1.1,0.713,0.545,0.51,0.568,0.55,0.54,0.72,0.317,0.476,0.364,0.0148,False,-0.453
2016,ICICIBANK.NS,ICICI Bank,Banking & Credit,Trough,3,2015-2016 Commodity Slump,-0.593,0.443,-0.24,-0.275,1.592,1.1,0.695,0.544,0.562,0.611,0.55,0.576,0.69,0.39,0.524,0.339,0.0106,False,-0.445
2016,AXISBANK.NS,Axis Bank,Banking & Credit,Trough,3,2015-2016 Commodity Slump,-0.674,0.764,-0.168,-0.095,1.595,1.1,0.701,0.511,0.508,0.494,0.55,0.514,0.728,0.374,0.497,0.316,0.0001,False,-0.7
2016,BAJFINANCE.NS,Bajaj Finance,NBFC & Consumer Credit,Trough,3,2015-2016 Commodity Slump,-0.489,0.397,-0.24,-0.286,1.758,1.1,0.675,0.448,0.485,0.531,0.55,0.517,0.701,0.313,0.519,0.402,-0.0575,False,-0.498
2016,TCS.NS,Tata Consultancy Services,IT & Software Services,Trough,3,2015-2016 Commodity Slump,-0.546,0.344,-0.239,-0.269,0.265,7.62,0.944,0.185,0.185,0.219,0.55,0.288,0.693,0.36,0.464,0.854,0.0115,False,-0.471
2016,INFY.NS,Infosys,IT & Software Services,Trough,3,2015-2016 Commodity Slump,-0.642,0.407,-0.246,-0.123,0.316,6.49,0.918,0.158,0.198,0.175,0.55,0.278,0.737,0.334,0.471,0.815,0.0335,False,-0.592
2016,WIPRO.NS,Wipro Ltd,IT & Software Services,Trough,3,2015-2016 Commodity Slump,-0.611,0.712,-0.109,-0.211,0.428,4.48,0.971,0.149,0.174,0.236,0.55,0.29,0.745,0.362,0.467,0.925,-0.0168,False,-0.47
2016,HCLTECH.NS,HCL Technologies,IT & Software Services,Trough,3,2015-2016 Commodity Slump,-0.425,0.295,-0.219,-0.219,0.34,4.67,0.969,0.175,0.221,0.23,0.55,0.306,0.712,0.322,0.524,0.801,-0.0197,False,-0.333
2016,ITC.NS,ITC Ltd,FMCG & Agri,Trough,3,2015-2016 Commodity Slump,-0.489,0.32,-0.139,-0.262,0.221,11.22,0.98,0.508,0.501,0.486,0.55,0.508,0.713,0.377,0.512,0.165,0.1995,True,-0.512
2016,HINDUNILVR.NS,Hindustan Unilever,FMCG,Trough,3,2015-2016 Commodity Slump,-0.625,0.435,-0.106,-0.281,0.312,8.7,0.98,0.379,0.393,0.394,0.55,0.433,0.718,0.324,0.487,0.132,0.1736,True,-0.547
2016,SUNPHARMA.NS,Sun Pharma,Pharma & Healthcare,Trough,3,2015-2016 Commodity Slump,-0.628,0.398,-0.081,-0.19,0.382,3.59,0.98,0.466,0.487,0.578,0.55,0.535,0.749,0.318,0.484,0.264,0.164,True,-0.668
2016,CPSEETF.NS,CPSE ETF (PSU Giants),PSU ETF Basket,Trough,3,2015-2016 Commodity Slump,-0.272,0.285,-0.085,-0.176,0.957,1.46,0.98,0.898,0.9,0.957,0.9,0.92,0.736,0.367,0.477,0.067,0.2005,True,-0.222
2016,NIFTYBEES.NS,Nifty 50 ETF,Broad Market ETF,Trough,3,2015-2016 Commodity Slump,-0.394,0.262,-0.18,-0.282,1.247,1.1,0.781,0.587,0.675,0.646,0.55,0.634,0.733,0.335,0.523,0.344,0.0726,False,-0.39
2016,JUNIORBEES.NS,Nifty Next 50 ETF,Broad Market ETF,Trough,3,2015-2016 Commodity Slump,-0.561,0.46,-0.116,-0.241,1.288,1.1,0.803,0.564,0.612,0.663,0.55,0.614,0.707,0.385,0.518,0.408,0.0904,False,-0.345
2016,GOLDBEES.NS,Nippon Gold ETF,Hard Commodity,Trough,3,2015-2016 Commodity Slump,-0.236,0.209,-0.157,-0.288,0.262,17.87,0.98,0.95,0.98,0.99,0.55,0.876,0.692,0.367,0.503,0.02,0.2317,True,-0.229
2017,POWERGRID.NS,Power Grid Corp,Power & Grid,Expansion,0,GST & Reform Cycle,-0.12,0.053,0.087,0.025,1.378,1.37,0.869,0.854,0.899,0.98,0.9,0.928,0.736,0.588,0.688,0.071,0.1432,True,-0.103
2017,NTPC.NS,NTPC Limited,Power & Grid,Expansion,0,GST & Reform Cycle,-0.061,0.029,0.03,0.108,1.43,1.4,0.922,0.906,0.897,0.932,0.9,0.91,0.734,0.548,0.676,0.088,0.1344,True,-0.05
2017,ONGC.NS,ONGC,Oil & Gas / Energy,Expansion,0,GST & Reform Cycle,-0.208,0.166,0.139,0.184,0.425,3.36,0.98,0.881,0.98,0.99,0.55,0.876,0.778,0.581,0.688,0.063,0.2191,True,-0.15
2017,COALINDIA.NS,Coal India,Mining & Resources,Expansion,0,GST & Reform Cycle,-0.232,0.134,0.14,0.156,0.095,6.73,0.98,0.779,0.765,0.83,0.55,0.734,0.779,0.532,0.68,0.023,0.2614,True,-0.239
2017,RELIANCE.NS,Reliance Industries,Energy & Infrastructure,Expansion,0,GST & Reform Cycle,-0.184,0.114,0.102,0.208,0.553,2.49,0.98,0.865,0.817,0.933,0.55,0.791,0.723,0.538,0.709,0.14,0.1659,True,-0.149
2017,TATAPOWER.NS,Tata Power,Power & Grid,Expansion,0,GST & Reform Cycle,-0.238,0.154,0.09,0.043,1.326,1.38,0.91,0.801,0.889,0.877,0.9,0.888,0.777,0.571,0.661,0.109,0.1797,True,-0.255
2017,IOC.NS,Indian Oil Corp,Oil & Gas / Energy,Expansion,0,GST & Reform Cycle,-0.225,0.119,0.063,0.014,0.921,1.74,0.98,0.787,0.824,0.827,0.55,0.757,0.763,0.513,0.688,0.094,0.1759,True,-0.189
2017,BPCL.NS,Bharat Petroleum,Oil & Gas / Energy,Expansion,0,GST & Reform Cycle,-0.069,0.048,0.118,0.095,1.079,1.5,0.97,0.8,0.77,0.8,0.55,0.726,0.722,0.538,0.661,0.119,0.1277,True,-0.051
2017,LT.NS,Larsen & Toubro,Infrastructure,Expansion,0,GST & Reform Cycle,-0.118,0.052,0.124,0.213,1.022,1.4,0.956,0.768,0.904,0.923,0.55,0.822,0.763,0.584,0.681,0.082,0.1585,True,-0.078
2017,ADANIPORTS.NS,Adani Ports & SEZ,Logistics & Ports,Expansion,0,GST & Reform Cycle,-0.06,0.035,0.088,0.16,1.324,1.29,0.919,0.861,0.935,0.99,0.9,0.946,0.756,0.534,0.673,0.032,0.1819,True,-0.05
2017,TATASTEEL.NS,Tata Steel,Metals & Mining,Expansion,0,GST & Reform Cycle,-0.155,0.128,0.034,0.18,1.126,1.2,0.889,0.894,0.873,0.912,0.55,0.806,0.766,0.583,0.708,0.098,0.1334,True,-0.154
2017,HINDALCO.NS,Hindalco Industries,Metals & Mining,Expansion,0,GST & Reform Cycle,-0.054,0.039,0.056,0.054,0.892,1.8,0.98,0.808,0.917,0.942,0.55,0.834,0.768,0.525,0.645,0.14,0.1231,True,-0.055
2017,JSWSTEEL.NS,JSW Steel,Metals & Mining,Expansion,0,GST & Reform Cycle,-0.235,0.154,0.127,0.197,1.276,1.39,0.902,0.898,0.935,0.896,0.55,0.825,0.748,0.559,0.655,0.13,0.1695,True,-0.173
2017,ULTRACEMCO.NS,UltraTech Cement,Infrastructure Materials,Expansion,0,GST & Reform Cycle,-0.183,0.097,0.114,0.012,0.355,2.9,0.98,0.8,0.804,0.875,0.55,0.765,0.766,0.567,0.669,0.025,0.2327,True,-0.197
2017,GRASIM.NS,Grasim Industries,Infrastructure Materials,Expansion,0,GST & Reform Cycle,-0.111,0.058,0.082,0.098,0.628,1.98,0.972,0.729,0.721,0.78,0.55,0.699,0.754,0.51,0.646,0.148,0.1208,True,-0.106
2017,CONCOR.NS,Container Corp of India,Logistics & Ports,Expansion,0,GST & Reform Cycle,-0.102,0.078,0.127,0.096,0.021,8.38,0.98,0.768,0.836,0.871,0.9,0.864,0.748,0.514,0.655,0.109,0.2652,True,-0.077
2017,BHARTIARTL.NS,Bharti Airtel,Telecom & Digital Infra,Expansion,0,GST & Reform Cycle,-0.066,0.034,0.105,0.135,1.456,1.27,0.896,0.853,0.886,0.948,0.9,0.911,0.742,0.575,0.682,0.142,0.119,True,-0.057
2017,SIEMENS.NS,Siemens India,Capital Goods,Expansion,0,GST & Reform Cycle,-0.23,0.107,0.052,0.088,0.01,11.88,0.98,0.732,0.71,0.733,0.55,0.678,0.75,0.568,0.649,0.211,0.2358,True,-0.2
2017,ABB.NS,ABB India,Capital Goods,Expansion,0,GST & Reform Cycle,-0.168,0.122,0.127,0.12,0.01,10.39,0.98,0.703,0.72,0.764,0.55,0.693,0.758,0.537,0.713,0.249,0.2041,True,-0.139
2017,BHEL.NS,BHEL,Capital Goods,Expansion,0,GST & Reform Cycle,-0.07,0.03,0.13,0.19,0.392,1.21,0.98,0.797,0.764,0.818,0.55,0.729,0.725,0.579,0.666,0.108,0.1635,True,-0.057
2017,SBIN.NS,State Bank of India,Banking & Credit,Expansion,0,GST & Reform Cycle,-0.181,0.083,0.163,0.169,1.397,1.19,0.73,0.526,0.585,0.6,0.55,0.581,0.74,0.57,0.652,0.263,0.0534,False,-0.182
2017,HDFCBANK.NS,HDFC Bank,Banking & Credit,Expansion,0,GST & Reform Cycle,-0.139,0.074,0.125,0.059,1.228,1.28,0.759,0.543,0.538,0.53,0.55,0.538,0.772,0.535,0.696,0.272,0.044,False,-0.108
2017,ICICIBANK.NS,ICICI Bank,Banking & Credit,Expansion,0,GST & Reform Cycle,-0.138,0.064,0.126,0.085,1.275,1.22,0.858,0.486,0.564,0.596,0.55,0.572,0.769,0.534,0.686,0.335,0.0376,False,-0.104
2017,AXISBANK.NS,Axis Bank,Banking & Credit,Expansion,0,GST & Reform Cycle,-0.23,0.153,0.133,0.183,1.355,1.34,0.85,0.485,0.52,0.56,0.55,0.542,0.771,0.543,0.647,0.324,0.0393,False,-0.171
2017,BAJFINANCE.NS,Bajaj Finance,NBFC & Consumer Credit,Expansion,0,GST & Reform Cycle,-0.183,0.139,0.174,0.18,1.452,1.1,0.802,0.441,0.482,0.462,0.55,0.492,0.748,0.528,0.715,0.364,0.0029,False,-0.161
2017,TCS.NS,Tata Consultancy Services,IT & Software Services,Expansion,0,GST & Reform Cycle,-0.136,0.059,0.096,0.219,0.021,13.79,0.98,0.253,0.177,0.189,0.55,0.274,0.761,0.516,0.719,0.811,0.0093,False,-0.12
2017,INFY.NS,Infosys,IT & Software Services,Expansion,0,GST & Reform Cycle,-0.05,0.032,0.065,0.044,0.037,12.61,0.956,0.174,0.223,0.204,0.55,0.298,0.73,0.533,0.703,0.891,0.0089,False,-0.05
2017,WIPRO.NS,Wipro Ltd,IT & Software Services,Expansion,0,GST & Reform Cycle,-0.164,0.104,0.138,0.105,0.121,7.51,0.955,0.234,0.213,0.182,0.55,0.286,0.779,0.514,0.668,0.878,-0.0064,False,-0.124
2017,HCLTECH.NS,HCL Technologies,IT & Software Services,Expansion,0,GST & Reform Cycle,-0.085,0.053,0.084,0.077,0.073,12.01,0.98,0.257,0.266,0.246,0.55,0.33,0.748,0.533,0.717,0.761,0.0039,False,-0.073
2017,ITC.NS,ITC Ltd,FMCG & Agri,Expansion,0,GST & Reform Cycle,-0.102,0.058,0.073,0.076,0.01,19.08,0.98,0.446,0.466,0.519,0.55,0.506,0.766,0.514,0.641,0.18,0.1789,True,-0.068
2017,HINDUNILVR.NS,Hindustan Unilever,FMCG,Expansion,0,GST & Reform Cycle,-0.055,0.022,0.054,0.18,0.01,22.37,0.98,0.375,0.366,0.387,0.55,0.419,0.732,0.527,0.694,0.171,0.17,True,-0.05
2017,SUNPHARMA.NS,Sun Pharma,Pharma & Healthcare,Expansion,0,GST & Reform Cycle,-0.218,0.089,0.166,0.045,0.095,7.7,0.98,0.459,0.512,0.56,0.55,0.538,0.727,0.517,0.713,0.219,0.173,True,-0.18
2017,CPSEETF.NS,CPSE ETF (PSU Giants),PSU ETF Basket,Expansion,0,GST & Reform Cycle,-0.246,0.151,0.12,0.068,0.724,2.51,0.98,0.932,0.965,0.99,0.9,0.957,0.775,0.561,0.646,0.101,0.2418,True,-0.157
2017,NIFTYBEES.NS,Nifty 50 ETF,Broad Market ETF,Expansion,0,GST & Reform Cycle,-0.149,0.114,0.119,0.081,0.925,2.03,0.902,0.562,0.638,0.697,0.55,0.637,0.771,0.545,0.655,0.319,0.0926,False,-0.109
2017,JUNIORBEES.NS,Nifty Next 50 ETF,Broad Market ETF,Expansion,0,GST & Reform Cycle,-0.209,0.125,0.044,0.117,1.022,1.71,0.861,0.576,0.653,0.673,0.55,0.634,0.748,0.582,0.714,0.388,0.0734,False,-0.219
2017,GOLDBEES.NS,Nippon Gold ETF,Hard Commodity,Expansion,0,GST & Reform Cycle,-0.242,0.119,0.062,0.021,0.01,30.33,0.98,0.95,0.98,0.99,0.55,0.876,0.734,0.574,0.708,0.02,0.3119,True,-0.264
2018,POWERGRID.NS,Power Grid Corp,Power & Grid,Peak,1,IL&FS NBFC Liquidity Shock,-0.127,0.073,0.17,0.02,1.378,1.38,0.842,0.841,0.912,0.99,0.9,0.936,0.763,0.605,0.709,0.02,0.1755,True,-0.117
2018,NTPC.NS,NTPC Limited,Power & Grid,Peak,1,IL&FS NBFC Liquidity Shock,-0.06,0.033,0.071,0.171,1.423,1.42,0.828,0.801,0.885,0.905,0.9,0.896,0.78,0.585,0.725,0.117,0.1471,True,-0.05
2018,ONGC.NS,ONGC,Oil & Gas / Energy,Peak,1,IL&FS NBFC Liquidity Shock,-0.099,0.055,0.091,0.011,0.424,3.3,0.98,0.867,0.98,0.952,0.55,0.863,0.799,0.589,0.703,0.078,0.2261,True,-0.107
2018,COALINDIA.NS,Coal India,Mining & Resources,Peak,1,IL&FS NBFC Liquidity Shock,-0.081,0.048,0.126,0.109,0.095,6.29,0.98,0.767,0.767,0.795,0.55,0.723,0.762,0.608,0.665,0.031,0.2435,True,-0.066
2018,RELIANCE.NS,Reliance Industries,Energy & Infrastructure,Peak,1,IL&FS NBFC Liquidity Shock,-0.063,0.028,0.155,0.074,0.553,2.45,0.98,0.765,0.83,0.905,0.55,0.786,0.776,0.598,0.673,0.103,0.1933,True,-0.05
2018,TATAPOWER.NS,Tata Power,Power & Grid,Peak,1,IL&FS NBFC Liquidity Shock,-0.181,0.09,0.026,0.049,1.328,1.1,0.937,0.81,0.857,0.913,0.9,0.887,0.8,0.621,0.688,0.088,0.1738,True,-0.109
2018,IOC.NS,Indian Oil Corp,Oil & Gas / Energy,Peak,1,IL&FS NBFC Liquidity Shock,-0.149,0.064,0.059,0.026,0.928,1.58,0.923,0.817,0.797,0.833,0.55,0.748,0.771,0.62,0.704,0.122,0.1674,True,-0.148
2018,BPCL.NS,Bharat Petroleum,Oil & Gas / Energy,Peak,1,IL&FS NBFC Liquidity Shock,-0.117,0.075,0.114,0.133,1.074,1.47,0.843,0.798,0.765,0.786,0.55,0.719,0.777,0.627,0.681,0.095,0.1364,True,-0.109
2018,LT.NS,Larsen & Toubro,Infrastructure,Peak,1,IL&FS NBFC Liquidity Shock,-0.104,0.085,0.053,0.112,1.022,1.57,0.973,0.778,0.904,0.893,0.55,0.812,0.803,0.602,0.734,0.118,0.1519,True,-0.069
2018,ADANIPORTS.NS,Adani Ports & SEZ,Logistics & Ports,Peak,1,IL&FS NBFC Liquidity Shock,-0.115,0.052,0.041,0.136,1.322,1.2,0.963,0.95,0.98,0.99,0.9,0.963,0.752,0.6,0.672,0.028,0.1774,True,-0.094
2018,TATASTEEL.NS,Tata Steel,Metals & Mining,Peak,1,IL&FS NBFC Liquidity Shock,-0.139,0.064,0.074,0.171,1.124,1.22,0.935,0.822,0.91,0.957,0.55,0.836,0.776,0.599,0.712,0.032,0.1761,True,-0.126
2018,HINDALCO.NS,Hindalco Industries,Metals & Mining,Peak,1,IL&FS NBFC Liquidity Shock,-0.179,0.091,0.154,0.019,0.897,1.45,0.92,0.891,0.901,0.894,0.55,0.811,0.764,0.631,0.661,0.06,0.1996,True,-0.162
2018,JSWSTEEL.NS,JSW Steel,Metals & Mining,Peak,1,IL&FS NBFC Liquidity Shock,-0.106,0.044,0.085,0.05,1.277,1.1,0.818,0.819,0.931,0.928,0.55,0.835,0.781,0.633,0.724,0.057,0.1639,True,-0.094
2018,ULTRACEMCO.NS,UltraTech Cement,Infrastructure Materials,Peak,1,IL&FS NBFC Liquidity Shock,-0.236,0.151,0.072,0.208,0.351,2.94,0.98,0.846,0.831,0.879,0.55,0.778,0.767,0.597,0.714,0.036,0.2349,True,-0.229
2018,GRASIM.NS,Grasim Industries,Infrastructure Materials,Peak,1,IL&FS NBFC Liquidity Shock,-0.095,0.062,0.169,0.161,0.621,2.17,0.98,0.675,0.801,0.763,0.55,0.725,0.795,0.578,0.695,0.122,0.1679,True,-0.062
2018,CONCOR.NS,Container Corp of India,Logistics & Ports,Peak,1,IL&FS NBFC Liquidity Shock,-0.187,0.096,0.137,0.096,0.02,10.05,0.98,0.799,0.8,0.833,0.9,0.837,0.788,0.616,0.717,0.035,0.3168,True,-0.155
2018,BHARTIARTL.NS,Bharti Airtel,Telecom & Digital Infra,Peak,1,IL&FS NBFC Liquidity Shock,-0.231,0.127,0.179,0.172,1.457,1.1,0.853,0.926,0.912,0.988,0.9,0.936,0.763,0.6,0.679,0.171,0.1763,True,-0.228
2018,SIEMENS.NS,Siemens India,Capital Goods,Peak,1,IL&FS NBFC Liquidity Shock,-0.138,0.075,0.101,0.047,0.01,14.2,0.98,0.686,0.735,0.778,0.55,0.704,0.799,0.603,0.67,0.247,0.2466,True,-0.148
2018,ABB.NS,ABB India,Capital Goods,Peak,1,IL&FS NBFC Liquidity Shock,-0.199,0.115,0.081,0.177,0.01,10.26,0.98,0.634,0.757,0.723,0.55,0.693,0.777,0.574,0.681,0.241,0.2185,True,-0.18
2018,BHEL.NS,BHEL,Capital Goods,Peak,1,IL&FS NBFC Liquidity Shock,-0.224,0.141,0.163,0.214,0.394,1.19,0.98,0.799,0.832,0.805,0.55,0.752,0.802,0.569,0.736,0.132,0.1862,True,-0.184
2018,SBIN.NS,State Bank of India,Banking & Credit,Peak,1,IL&FS NBFC Liquidity Shock,-0.118,0.067,0.151,0.2,1.4,1.28,0.762,0.547,0.589,0.635,0.55,0.595,0.757,0.603,0.683,0.255,0.0656,False,-0.122
2018,HDFCBANK.NS,HDFC Bank,Banking & Credit,Peak,1,IL&FS NBFC Liquidity Shock,-0.186,0.097,0.028,0.019,1.228,1.61,0.875,0.55,0.502,0.582,0.55,0.542,0.793,0.596,0.681,0.289,0.0694,False,-0.112
2018,ICICIBANK.NS,ICICI Bank,Banking & Credit,Peak,1,IL&FS NBFC Liquidity Shock,-0.186,0.076,0.123,0.015,1.272,1.23,0.763,0.506,0.544,0.56,0.55,0.551,0.776,0.63,0.684,0.269,0.0781,False,-0.168
2018,AXISBANK.NS,Axis Bank,Banking & Credit,Peak,1,IL&FS NBFC Liquidity Shock,-0.141,0.09,0.172,0.187,1.354,1.1,0.724,0.495,0.475,0.528,0.55,0.512,0.793,0.566,0.668,0.329,0.0193,False,-0.154
2018,BAJFINANCE.NS,Bajaj Finance,NBFC & Consumer Credit,Peak,1,IL&FS NBFC Liquidity Shock,-0.195,0.083,0.026,0.202,1.458,1.11,0.726,0.467,0.435,0.489,0.55,0.483,0.8,0.584,0.723,0.333,0.0512,False,-0.168
2018,TCS.NS,Tata Consultancy Services,IT & Software Services,Peak,1,IL&FS NBFC Liquidity Shock,-0.161,0.066,0.059,0.122,0.027,15.53,0.974,0.259,0.164,0.232,0.55,0.284,0.779,0.616,0.665,0.789,0.027,False,-0.156
2018,INFY.NS,Infosys,IT & Software Services,Peak,1,IL&FS NBFC Liquidity Shock,-0.18,0.12,0.028,0.066,0.038,14.72,0.98,0.223,0.233,0.199,0.55,0.3,0.789,0.603,0.736,0.84,0.0408,False,-0.152
2018,WIPRO.NS,Wipro Ltd,IT & Software Services,Peak,1,IL&FS NBFC Liquidity Shock,-0.184,0.147,0.099,0.124,0.125,7.37,0.98,0.186,0.22,0.244,0.55,0.311,0.76,0.621,0.739,0.925,-0.0103,False,-0.191
2018,HCLTECH.NS,HCL Technologies,IT & Software Services,Peak,1,IL&FS NBFC Liquidity Shock,-0.151,0.077,0.05,0.199,0.073,10.65,0.98,0.262,0.229,0.232,0.55,0.31,0.79,0.611,0.668,0.79,0.0178,False,-0.097
2018,ITC.NS,ITC Ltd,FMCG & Agri,Peak,1,IL&FS NBFC Liquidity Shock,-0.053,0.027,0.13,0.078,0.01,20.97,0.98,0.401,0.466,0.469,0.55,0.488,0.756,0.638,0.683,0.142,0.1923,True,-0.05
2018,HINDUNILVR.NS,Hindustan Unilever,FMCG,Peak,1,IL&FS NBFC Liquidity Shock,-0.113,0.074,0.03,0.155,0.01,20.02,0.98,0.297,0.334,0.417,0.55,0.417,0.784,0.592,0.689,0.152,0.1835,True,-0.123
2018,SUNPHARMA.NS,Sun Pharma,Pharma & Healthcare,Peak,1,IL&FS NBFC Liquidity Shock,-0.153,0.08,0.069,0.048,0.098,7.04,0.98,0.494,0.5,0.576,0.55,0.539,0.755,0.617,0.676,0.269,0.165,True,-0.124
2018,CPSEETF.NS,CPSE ETF (PSU Giants),PSU ETF Basket,Peak,1,IL&FS NBFC Liquidity Shock,-0.193,0.107,0.051,0.054,0.725,2.77,0.975,0.857,0.94,0.981,0.9,0.944,0.751,0.632,0.677,0.033,0.2202,True,-0.128
2018,NIFTYBEES.NS,Nifty 50 ETF,Broad Market ETF,Peak,1,IL&FS NBFC Liquidity Shock,-0.139,0.091,0.124,0.034,0.924,1.88,0.86,0.617,0.614,0.677,0.55,0.62,0.782,0.595,0.681,0.36,0.0901,False,-0.153
2018,JUNIORBEES.NS,Nifty Next 50 ETF,Broad Market ETF,Peak,1,IL&FS NBFC Liquidity Shock,-0.067,0.04,0.08,0.091,1.024,1.82,0.845,0.551,0.607,0.627,0.55,0.6,0.8,0.612,0.709,0.383,0.0653,False,-0.05
2018,GOLDBEES.NS,Nippon Gold ETF,Hard Commodity,Peak,1,IL&FS NBFC Liquidity Shock,-0.076,0.043,0.075,0.039,0.01,35.78,0.98,0.95,0.98,0.99,0.55,0.876,0.776,0.6,0.692,0.028,0.2909,True,-0.082
2019,POWERGRID.NS,Power Grid Corp,Power & Grid,Contraction,2,Pre-COVID Slowdown,-0.266,0.308,-0.235,-0.113,1.66,1.1,0.742,0.868,0.908,0.974,0.9,0.929,0.773,0.514,0.643,0.083,0.1549,True,-0.177
2019,NTPC.NS,NTPC Limited,Power & Grid,Contraction,2,Pre-COVID Slowdown,-0.274,0.172,-0.245,-0.275,1.706,1.1,0.772,0.829,0.903,0.969,0.9,0.925,0.797,0.526,0.623,0.054,0.1891,True,-0.172
2019,ONGC.NS,ONGC,Oil & Gas / Energy,Contraction,2,Pre-COVID Slowdown,-0.357,0.288,-0.122,-0.243,0.687,1.53,0.98,0.927,0.93,0.99,0.55,0.856,0.765,0.47,0.618,0.06,0.233,True,-0.339
2019,COALINDIA.NS,Coal India,Mining & Resources,Contraction,2,Pre-COVID Slowdown,-0.355,0.223,-0.217,-0.29,0.399,3.1,0.98,0.737,0.757,0.79,0.55,0.717,0.807,0.48,0.666,0.06,0.2408,True,-0.286
2019,RELIANCE.NS,Reliance Industries,Energy & Infrastructure,Contraction,2,Pre-COVID Slowdown,-0.376,0.26,-0.103,-0.154,0.846,1.1,0.98,0.814,0.83,0.903,0.55,0.786,0.767,0.518,0.64,0.189,0.1934,True,-0.236
2019,TATAPOWER.NS,Tata Power,Power & Grid,Contraction,2,Pre-COVID Slowdown,-0.547,0.585,-0.134,-0.143,1.632,1.1,0.771,0.805,0.805,0.9,0.9,0.862,0.815,0.516,0.654,0.089,0.1845,True,-0.361
2019,IOC.NS,Indian Oil Corp,Oil & Gas / Energy,Contraction,2,Pre-COVID Slowdown,-0.487,0.331,-0.105,-0.103,1.203,1.1,0.881,0.808,0.821,0.824,0.55,0.754,0.767,0.539,0.617,0.041,0.2149,True,-0.361
2019,BPCL.NS,Bharat Petroleum,Oil & Gas / Energy,Contraction,2,Pre-COVID Slowdown,-0.488,0.375,-0.183,-0.254,1.367,1.1,0.856,0.788,0.759,0.828,0.55,0.731,0.779,0.474,0.672,0.09,0.1582,True,-0.402
2019,LT.NS,Larsen & Toubro,Infrastructure,Contraction,2,Pre-COVID Slowdown,-0.498,0.368,-0.147,-0.157,1.282,1.1,0.96,0.813,0.897,0.907,0.55,0.814,0.813,0.495,0.672,0.145,0.1872,True,-0.449
2019,ADANIPORTS.NS,Adani Ports & SEZ,Logistics & Ports,Contraction,2,Pre-COVID Slowdown,-0.531,0.648,-0.16,-0.227,1.583,1.1,0.861,0.865,0.949,0.99,0.9,0.951,0.786,0.481,0.613,0.079,0.2192,True,-0.372
2019,TATASTEEL.NS,Tata Steel,Metals & Mining,Contraction,2,Pre-COVID Slowdown,-0.302,0.215,-0.107,-0.153,1.382,1.1,0.801,0.818,0.86,0.971,0.55,0.821,0.789,0.511,0.603,0.092,0.1733,True,-0.257
2019,HINDALCO.NS,Hindalco Industries,Metals & Mining,Contraction,2,Pre-COVID Slowdown,-0.296,0.237,-0.073,-0.184,1.156,1.1,0.944,0.863,0.919,0.911,0.55,0.824,0.791,0.506,0.66,0.136,0.1471,True,-0.186
2019,JSWSTEEL.NS,JSW Steel,Metals & Mining,Contraction,2,Pre-COVID Slowdown,-0.303,0.289,-0.189,-0.116,1.594,1.1,0.832,0.848,0.852,0.956,0.55,0.813,0.764,0.53,0.621,0.109,0.1661,True,-0.285
2019,ULTRACEMCO.NS,UltraTech Cement,Infrastructure Materials,Contraction,2,Pre-COVID Slowdown,-0.337,0.311,-0.24,-0.293,0.621,1.75,0.98,0.773,0.89,0.9,0.55,0.808,0.793,0.521,0.643,0.104,0.1928,True,-0.264
2019,GRASIM.NS,Grasim Industries,Infrastructure Materials,Contraction,2,Pre-COVID Slowdown,-0.409,0.257,-0.139,-0.095,0.874,1.1,0.893,0.774,0.728,0.826,0.55,0.718,0.76,0.52,0.672,0.074,0.169,True,-0.332
2019,CONCOR.NS,Container Corp of India,Logistics & Ports,Contraction,2,Pre-COVID Slowdown,-0.521,0.399,-0.067,-0.254,0.343,4.56,0.98,0.717,0.748,0.861,0.9,0.826,0.8,0.466,0.648,0.046,0.2905,True,-0.391
2019,BHARTIARTL.NS,Bharti Airtel,Telecom & Digital Infra,Contraction,2,Pre-COVID Slowdown,-0.498,0.369,-0.224,-0.206,1.726,1.1,0.736,0.909,0.904,0.981,0.9,0.93,0.775,0.52,0.621,0.218,0.1973,True,-0.348
2019,SIEMENS.NS,Siemens India,Capital Goods,Contraction,2,Pre-COVID Slowdown,-0.457,0.415,-0.229,-0.142,0.281,5.52,0.98,0.726,0.751,0.78,0.55,0.711,0.79,0.517,0.62,0.202,0.2236,True,-0.28
2019,ABB.NS,ABB India,Capital Goods,Contraction,2,Pre-COVID Slowdown,-0.26,0.321,-0.061,-0.192,0.264,6.28,0.98,0.682,0.71,0.71,0.55,0.67,0.781,0.534,0.602,0.248,0.1867,True,-0.185
2019,BHEL.NS,BHEL,Capital Goods,Contraction,2,Pre-COVID Slowdown,-0.473,0.468,-0.242,-0.273,0.663,1.1,0.98,0.69,0.831,0.798,0.55,0.749,0.819,0.485,0.609,0.101,0.2248,True,-0.486
2019,SBIN.NS,State Bank of India,Banking & Credit,Contraction,2,Pre-COVID Slowdown,-0.604,0.498,-0.199,-0.093,1.646,1.1,0.682,0.497,0.538,0.6,0.55,0.563,0.814,0.505,0.628,0.288,0.1067,True,-0.582
2019,HDFCBANK.NS,HDFC Bank,Banking & Credit,Contraction,2,Pre-COVID Slowdown,-0.614,0.543,-0.209,-0.107,1.495,1.1,0.822,0.48,0.531,0.518,0.55,0.531,0.769,0.496,0.648,0.339,0.0911,False,-0.635
2019,ICICIBANK.NS,ICICI Bank,Banking & Credit,Contraction,2,Pre-COVID Slowdown,-0.405,0.339,-0.226,-0.297,1.557,1.1,0.672,0.516,0.578,0.581,0.55,0.572,0.778,0.516,0.663,0.29,0.0805,False,-0.328
2019,AXISBANK.NS,Axis Bank,Banking & Credit,Contraction,2,Pre-COVID Slowdown,-0.677,0.52,-0.187,-0.086,1.621,1.1,0.657,0.444,0.46,0.504,0.55,0.498,0.772,0.488,0.629,0.281,0.1174,True,-0.417
2019,BAJFINANCE.NS,Bajaj Finance,NBFC & Consumer Credit,Contraction,2,Pre-COVID Slowdown,-0.466,0.558,-0.239,-0.199,1.774,1.1,0.675,0.455,0.488,0.486,0.55,0.503,0.793,0.531,0.608,0.412,0.0374,False,-0.371
2019,TCS.NS,Tata Consultancy Services,IT & Software Services,Contraction,2,Pre-COVID Slowdown,-0.518,0.35,-0.109,-0.192,0.282,7.86,0.924,0.2,0.24,0.215,0.55,0.309,0.775,0.531,0.646,0.792,0.0359,False,-0.519
2019,INFY.NS,Infosys,IT & Software Services,Contraction,2,Pre-COVID Slowdown,-0.389,0.344,-0.143,-0.289,0.264,8.26,0.92,0.216,0.178,0.197,0.55,0.278,0.76,0.48,0.654,0.812,-0.0053,False,-0.313
2019,WIPRO.NS,Wipro Ltd,IT & Software Services,Contraction,2,Pre-COVID Slowdown,-0.398,0.267,-0.095,-0.263,0.415,4.21,0.892,0.14,0.244,0.19,0.55,0.302,0.809,0.522,0.648,0.864,-0.0132,False,-0.263
2019,HCLTECH.NS,HCL Technologies,IT & Software Services,Contraction,2,Pre-COVID Slowdown,-0.383,0.411,-0.174,-0.269,0.351,5.54,0.945,0.217,0.217,0.253,0.55,0.313,0.797,0.518,0.675,0.758,0.0399,False,-0.242
2019,ITC.NS,ITC Ltd,FMCG & Agri,Contraction,2,Pre-COVID Slowdown,-0.63,0.758,-0.074,-0.231,0.27,9.37,0.98,0.454,0.489,0.522,0.55,0.516,0.768,0.497,0.648,0.103,0.2213,True,-0.388
2019,HINDUNILVR.NS,Hindustan Unilever,FMCG,Contraction,2,Pre-COVID Slowdown,-0.51,0.553,-0.066,-0.133,0.262,11.07,0.98,0.366,0.334,0.417,0.55,0.417,0.804,0.517,0.616,0.151,0.195,True,-0.362
2019,SUNPHARMA.NS,Sun Pharma,Pharma & Healthcare,Contraction,2,Pre-COVID Slowdown,-0.464,0.472,-0.195,-0.231,0.364,3.71,0.98,0.494,0.554,0.577,0.55,0.561,0.767,0.482,0.617,0.246,0.1896,True,-0.303
2019,CPSEETF.NS,CPSE ETF (PSU Giants),PSU ETF Basket,Contraction,2,Pre-COVID Slowdown,-0.3,0.298,-0.111,-0.291,1.022,1.52,0.9,0.931,0.931,0.957,0.9,0.932,0.81,0.496,0.651,0.032,0.2227,True,-0.296
2019,NIFTYBEES.NS,Nifty 50 ETF,Broad Market ETF,Contraction,2,Pre-COVID Slowdown,-0.416,0.369,-0.204,-0.211,1.197,1.12,0.844,0.647,0.63,0.687,0.55,0.63,0.81,0.478,0.642,0.381,0.0878,False,-0.383
2019,JUNIORBEES.NS,Nifty Next 50 ETF,Broad Market ETF,Contraction,2,Pre-COVID Slowdown,-0.566,0.359,-0.054,-0.241,1.275,1.1,0.873,0.532,0.586,0.666,0.55,0.605,0.762,0.516,0.636,0.36,0.1195,True,-0.348
2019,GOLDBEES.NS,Nippon Gold ETF,Hard Commodity,Contraction,2,Pre-COVID Slowdown,-0.286,0.256,-0.183,-0.248,0.287,15.89,0.98,0.941,0.98,0.99,0.55,0.876,0.789,0.504,0.651,0.02,0.2876,True,-0.196
2020,POWERGRID.NS,Power Grid Corp,Power & Grid,Trough,3,2020 COVID Shock,-0.406,0.359,-0.103,-0.149,1.697,1.1,0.793,0.86,0.919,0.974,0.9,0.934,0.67,0.38,0.309,0.059,0.2776,True,-0.342
2020,NTPC.NS,NTPC Limited,Power & Grid,Trough,3,2020 COVID Shock,-0.236,0.171,-0.24,-0.105,1.681,1.1,0.746,0.803,0.911,0.948,0.9,0.921,0.672,0.395,0.307,0.128,0.2439,True,-0.248
2020,ONGC.NS,ONGC,Oil & Gas / Energy,Trough,3,2020 COVID Shock,-0.422,0.504,-0.09,-0.167,0.658,1.39,0.98,0.91,0.977,0.99,0.55,0.875,0.632,0.4,0.319,0.087,0.3213,True,-0.318
2020,COALINDIA.NS,Coal India,Mining & Resources,Trough,3,2020 COVID Shock,-0.493,0.403,-0.192,-0.162,0.417,3.4,0.98,0.724,0.811,0.804,0.55,0.743,0.627,0.412,0.283,0.02,0.3261,True,-0.526
2020,RELIANCE.NS,Reliance Industries,Energy & Infrastructure,Trough,3,2020 COVID Shock,-0.325,0.382,-0.171,-0.088,0.867,1.1,0.98,0.833,0.908,0.892,0.55,0.813,0.652,0.383,0.27,0.17,0.2671,True,-0.256
2020,TATAPOWER.NS,Tata Power,Power & Grid,Trough,3,2020 COVID Shock,-0.374,0.256,-0.229,-0.093,1.645,1.1,0.757,0.851,0.822,0.86,0.9,0.855,0.668,0.375,0.317,0.088,0.2522,True,-0.371
2020,IOC.NS,Indian Oil Corp,Oil & Gas / Energy,Trough,3,2020 COVID Shock,-0.533,0.395,-0.163,-0.257,1.246,1.1,0.871,0.778,0.807,0.847,0.55,0.757,0.669,0.424,0.299,0.07,0.2899,True,-0.397
2020,BPCL.NS,Bharat Petroleum,Oil & Gas / Energy,Trough,3,2020 COVID Shock,-0.527,0.33,-0.192,-0.267,1.324,1.1,0.78,0.691,0.728,0.786,0.55,0.704,0.634,0.435,0.302,0.086,0.2778,True,-0.42
2020,LT.NS,Larsen & Toubro,Infrastructure,Trough,3,2020 COVID Shock,-0.36,0.422,-0.212,-0.21,1.284,1.1,0.864,0.798,0.879,0.885,0.55,0.799,0.676,0.39,0.313,0.096,0.2419,True,-0.227
2020,ADANIPORTS.NS,Adani Ports & SEZ,Logistics & Ports,Trough,3,2020 COVID Shock,-0.425,0.353,-0.137,-0.231,1.581,1.1,0.783,0.95,0.918,0.99,0.9,0.939,0.638,0.419,0.33,0.029,0.281,True,-0.446
2020,TATASTEEL.NS,Tata Steel,Metals & Mining,Trough,3,2020 COVID Shock,-0.483,0.416,-0.091,-0.17,1.385,1.1,0.846,0.815,0.912,0.948,0.55,0.834,0.626,0.404,0.316,0.109,0.2789,True,-0.327
2020,HINDALCO.NS,Hindalco Industries,Metals & Mining,Trough,3,2020 COVID Shock,-0.479,0.376,-0.067,-0.124,1.191,1.1,0.836,0.829,0.865,0.938,0.55,0.812,0.675,0.438,0.261,0.102,0.2833,True,-0.493
2020,JSWSTEEL.NS,JSW Steel,Metals & Mining,Trough,3,2020 COVID Shock,-0.3,0.367,-0.087,-0.297,1.525,1.1,0.849,0.885,0.851,0.91,0.55,0.796,0.659,0.389,0.309,0.12,0.2241,True,-0.196
2020,ULTRACEMCO.NS,UltraTech Cement,Infrastructure Materials,Trough,3,2020 COVID Shock,-0.419,0.51,-0.183,-0.085,0.587,1.7,0.98,0.829,0.841,0.874,0.55,0.78,0.672,0.386,0.307,0.105,0.3034,True,-0.255
2020,GRASIM.NS,Grasim Industries,Infrastructure Materials,Trough,3,2020 COVID Shock,-0.295,0.2,-0.126,-0.158,0.857,1.1,0.98,0.743,0.713,0.767,0.55,0.691,0.622,0.426,0.323,0.086,0.2551,True,-0.209
2020,CONCOR.NS,Container Corp of India,Logistics & Ports,Trough,3,2020 COVID Shock,-0.393,0.387,-0.244,-0.167,0.254,4.1,0.98,0.741,0.79,0.837,0.9,0.834,0.644,0.384,0.329,0.105,0.365,True,-0.333
2020,BHARTIARTL.NS,Bharti Airtel,Telecom & Digital Infra,Trough,3,2020 COVID Shock,-0.508,0.334,-0.077,-0.198,1.693,1.1,0.75,0.873,0.881,0.99,0.9,0.924,0.665,0.41,0.324,0.173,0.2905,True,-0.422
2020,SIEMENS.NS,Siemens India,Capital Goods,Trough,3,2020 COVID Shock,-0.491,0.418,-0.056,-0.134,0.314,6.27,0.98,0.734,0.767,0.774,0.55,0.715,0.669,0.363,0.297,0.235,0.3216,True,-0.307
2020,ABB.NS,ABB India,Capital Goods,Trough,3,2020 COVID Shock,-0.533,0.575,-0.087,-0.271,0.315,5.84,0.98,0.658,0.692,0.75,0.55,0.677,0.634,0.396,0.301,0.266,0.2987,True,-0.53
2020,BHEL.NS,BHEL,Capital Goods,Trough,3,2020 COVID Shock,-0.358,0.322,-0.216,-0.25,0.682,1.1,0.962,0.742,0.777,0.844,0.55,0.744,0.655,0.394,0.301,0.107,0.2848,True,-0.367
2020,SBIN.NS,State Bank of India,Banking & Credit,Trough,3,2020 COVID Shock,-0.48,0.551,-0.058,-0.143,1.646,1.1,0.802,0.53,0.587,0.572,0.55,0.572,0.667,0.416,0.307,0.295,0.1319,True,-0.518
2020,HDFCBANK.NS,HDFC Bank,Banking & Credit,Trough,3,2020 COVID Shock,-0.679,0.684,-0.148,-0.216,1.5,1.1,0.763,0.505,0.52,0.527,0.55,0.53,0.647,0.438,0.288,0.315,0.1274,True,-0.424
2020,ICICIBANK.NS,ICICI Bank,Banking & Credit,Trough,3,2020 COVID Shock,-0.605,0.748,-0.224,-0.232,1.578,1.1,0.777,0.478,0.553,0.552,0.55,0.552,0.627,0.439,0.285,0.273,0.1258,True,-0.541
2020,AXISBANK.NS,Axis Bank,Banking & Credit,Trough,3,2020 COVID Shock,-0.469,0.415,-0.196,-0.254,1.586,1.1,0.797,0.45,0.499,0.49,0.55,0.509,0.659,0.393,0.274,0.349,0.0938,False,-0.483
2020,BAJFINANCE.NS,Bajaj Finance,NBFC & Consumer Credit,Trough,3,2020 COVID Shock,-0.368,0.403,-0.121,-0.216,1.692,1.1,0.717,0.404,0.492,0.49,0.55,0.506,0.677,0.386,0.337,0.42,0.0499,False,-0.369
2020,TCS.NS,Tata Consultancy Services,IT & Software Services,Trough,3,2020 COVID Shock,-0.607,0.592,-0.161,-0.262,0.35,7.5,0.952,0.202,0.189,0.181,0.55,0.276,0.672,0.416,0.267,0.835,0.0693,False,-0.654
2020,INFY.NS,Infosys,IT & Software Services,Trough,3,2020 COVID Shock,-0.65,0.537,-0.204,-0.26,0.26,6.66,0.98,0.232,0.211,0.219,0.55,0.299,0.669,0.371,0.297,0.894,0.0598,False,-0.708
2020,WIPRO.NS,Wipro Ltd,IT & Software Services,Trough,3,2020 COVID Shock,-0.587,0.372,-0.219,-0.139,0.449,4.03,0.882,0.168,0.192,0.194,0.55,0.282,0.62,0.408,0.333,0.859,0.0262,False,-0.543
2020,HCLTECH.NS,HCL Technologies,IT & Software Services,Trough,3,2020 COVID Shock,-0.529,0.358,-0.16,-0.207,0.371,5.7,0.933,0.19,0.277,0.276,0.55,0.345,0.629,0.394,0.303,0.732,0.0729,False,-0.524
2020,ITC.NS,ITC Ltd,FMCG & Agri,Trough,3,2020 COVID Shock,-0.501,0.473,-0.223,-0.105,0.278,11.24,0.98,0.392,0.478,0.518,0.55,0.51,0.648,0.43,0.307,0.167,0.2391,True,-0.466
2020,HINDUNILVR.NS,Hindustan Unilever,FMCG,Trough,3,2020 COVID Shock,-0.378,0.433,-0.12,-0.209,0.26,9.94,0.98,0.335,0.356,0.353,0.55,0.403,0.644,0.414,0.265,0.189,0.1913,True,-0.383
2020,SUNPHARMA.NS,Sun Pharma,Pharma & Healthcare,Trough,3,2020 COVID Shock,-0.377,0.248,-0.16,-0.24,0.337,3.83,0.98,0.546,0.524,0.553,0.55,0.541,0.644,0.391,0.283,0.227,0.2049,True,-0.239
2020,CPSEETF.NS,CPSE ETF (PSU Giants),PSU ETF Basket,Trough,3,2020 COVID Shock,-0.258,0.264,-0.157,-0.197,1.018,1.3,0.941,0.827,0.901,0.989,0.9,0.932,0.672,0.421,0.301,0.077,0.3036,True,-0.156
2020,NIFTYBEES.NS,Nifty 50 ETF,Broad Market ETF,Trough,3,2020 COVID Shock,-0.508,0.384,-0.166,-0.143,1.19,1.21,0.891,0.605,0.633,0.648,0.55,0.618,0.672,0.372,0.296,0.341,0.1463,True,-0.368
2020,JUNIORBEES.NS,Nifty Next 50 ETF,Broad Market ETF,Trough,3,2020 COVID Shock,-0.603,0.386,-0.058,-0.279,1.314,1.1,0.803,0.629,0.658,0.606,0.55,0.613,0.621,0.373,0.34,0.368,0.1373,True,-0.618
2020,GOLDBEES.NS,Nippon Gold ETF,Hard Commodity,Trough,3,2020 COVID Shock,-0.328,0.336,-0.243,-0.21,0.202,18.38,0.98,0.95,0.98,0.99,0.55,0.876,0.637,0.425,0.324,0.02,0.3807,True,-0.296
2021,POWERGRID.NS,Power Grid Corp,Power & Grid,Expansion,0,Global Re-Opening Supercycle,-0.162,0.123,0.135,0.055,1.372,1.48,0.841,0.852,0.928,0.964,0.9,0.934,0.802,0.843,0.858,0.058,0.2005,True,-0.134
2021,NTPC.NS,NTPC Limited,Power & Grid,Expansion,0,Global Re-Opening Supercycle,-0.243,0.132,0.109,0.127,1.425,1.25,0.801,0.896,0.886,0.928,0.9,0.904,0.832,0.824,0.86,0.111,0.2192,True,-0.162
2021,ONGC.NS,ONGC,Oil & Gas / Energy,Expansion,0,Global Re-Opening Supercycle,-0.143,0.103,0.021,0.18,0.425,2.8,0.98,0.879,0.909,0.99,0.55,0.848,0.801,0.858,0.867,0.069,0.243,True,-0.092
2021,COALINDIA.NS,Coal India,Mining & Resources,Expansion,0,Global Re-Opening Supercycle,-0.146,0.073,0.174,0.134,0.098,5.87,0.98,0.769,0.764,0.786,0.55,0.718,0.818,0.856,0.914,0.073,0.2661,True,-0.105
2021,RELIANCE.NS,Reliance Industries,Energy & Infrastructure,Expansion,0,Global Re-Opening Supercycle,-0.089,0.056,0.126,0.1,0.557,2.23,0.98,0.82,0.818,0.92,0.55,0.787,0.843,0.878,0.882,0.169,0.2175,True,-0.075
2021,TATAPOWER.NS,Tata Power,Power & Grid,Expansion,0,Global Re-Opening Supercycle,-0.169,0.114,0.077,0.07,1.327,1.32,0.823,0.787,0.877,0.898,0.9,0.89,0.801,0.869,0.86,0.095,0.1903,True,-0.184
2021,IOC.NS,Indian Oil Corp,Oil & Gas / Energy,Expansion,0,Global Re-Opening Supercycle,-0.164,0.129,0.103,0.116,0.926,1.51,0.898,0.791,0.829,0.852,0.55,0.767,0.799,0.818,0.85,0.05,0.1957,True,-0.115
2021,BPCL.NS,Bharat Petroleum,Oil & Gas / Energy,Expansion,0,Global Re-Opening Supercycle,-0.208,0.113,0.023,0.151,1.077,1.33,0.98,0.783,0.75,0.8,0.55,0.718,0.821,0.882,0.853,0.13,0.1844,True,-0.138
2021,LT.NS,Larsen & Toubro,Infrastructure,Expansion,0,Global Re-Opening Supercycle,-0.06,0.044,0.176,0.058,1.026,1.46,0.909,0.792,0.867,0.895,0.55,0.798,0.836,0.837,0.851,0.156,0.1542,True,-0.056
2021,ADANIPORTS.NS,Adani Ports & SEZ,Logistics & Ports,Expansion,0,Global Re-Opening Supercycle,-0.071,0.056,0.043,0.16,1.324,1.29,0.898,0.948,0.925,0.99,0.9,0.942,0.816,0.842,0.851,0.061,0.1808,True,-0.06
2021,TATASTEEL.NS,Tata Steel,Metals & Mining,Expansion,0,Global Re-Opening Supercycle,-0.167,0.076,0.026,0.036,1.122,1.3,0.931,0.919,0.922,0.973,0.55,0.847,0.802,0.842,0.908,0.065,0.204,True,-0.159
2021,HINDALCO.NS,Hindalco Industries,Metals & Mining,Expansion,0,Global Re-Opening Supercycle,-0.225,0.174,0.161,0.073,0.894,1.59,0.98,0.821,0.84,0.963,0.55,0.811,0.829,0.836,0.871,0.066,0.2085,True,-0.181
2021,JSWSTEEL.NS,JSW Steel,Metals & Mining,Expansion,0,Global Re-Opening Supercycle,-0.066,0.052,0.112,0.189,1.273,1.26,0.965,0.795,0.893,0.942,0.55,0.824,0.805,0.88,0.842,0.123,0.1801,True,-0.061
2021,ULTRACEMCO.NS,UltraTech Cement,Infrastructure Materials,Expansion,0,Global Re-Opening Supercycle,-0.154,0.113,0.054,0.024,0.356,2.86,0.98,0.796,0.793,0.895,0.55,0.768,0.824,0.86,0.88,0.102,0.2541,True,-0.14
2021,GRASIM.NS,Grasim Industries,Infrastructure Materials,Expansion,0,Global Re-Opening Supercycle,-0.067,0.049,0.127,0.011,0.63,2.21,0.98,0.728,0.771,0.78,0.55,0.719,0.845,0.819,0.848,0.093,0.1797,True,-0.05
2021,CONCOR.NS,Container Corp of India,Logistics & Ports,Expansion,0,Global Re-Opening Supercycle,-0.105,0.05,0.07,0.031,0.024,8.85,0.98,0.738,0.829,0.851,0.9,0.854,0.806,0.877,0.918,0.079,0.2925,True,-0.07
2021,BHARTIARTL.NS,Bharti Airtel,Telecom & Digital Infra,Expansion,0,Global Re-Opening Supercycle,-0.094,0.043,0.117,0.142,1.457,1.18,0.788,0.933,0.911,0.99,0.9,0.936,0.828,0.86,0.884,0.229,0.1745,True,-0.093
2021,SIEMENS.NS,Siemens India,Capital Goods,Expansion,0,Global Re-Opening Supercycle,-0.161,0.083,0.104,0.018,0.01,11.53,0.98,0.698,0.736,0.796,0.55,0.71,0.827,0.876,0.853,0.229,0.2714,True,-0.11
2021,ABB.NS,ABB India,Capital Goods,Expansion,0,Global Re-Opening Supercycle,-0.128,0.063,0.034,0.198,0.01,13.18,0.98,0.647,0.681,0.761,0.55,0.676,0.813,0.835,0.877,0.229,0.2639,True,-0.136
2021,BHEL.NS,BHEL,Capital Goods,Expansion,0,Global Re-Opening Supercycle,-0.195,0.086,0.021,0.129,0.397,1.24,0.98,0.802,0.762,0.831,0.55,0.733,0.81,0.836,0.892,0.175,0.2207,True,-0.2
2021,SBIN.NS,State Bank of India,Banking & Credit,Expansion,0,Global Re-Opening Supercycle,-0.132,0.061,0.111,0.024,1.397,1.27,0.78,0.491,0.583,0.618,0.55,0.587,0.797,0.858,0.862,0.258,0.0856,False,-0.116
2021,HDFCBANK.NS,HDFC Bank,Banking & Credit,Expansion,0,Global Re-Opening Supercycle,-0.123,0.064,0.022,0.156,1.227,1.57,0.841,0.48,0.55,0.562,0.55,0.554,0.813,0.885,0.905,0.329,0.069,False,-0.086
2021,ICICIBANK.NS,ICICI Bank,Banking & Credit,Expansion,0,Global Re-Opening Supercycle,-0.228,0.095,0.166,0.12,1.277,1.39,0.778,0.522,0.513,0.61,0.55,0.556,0.833,0.845,0.89,0.294,0.0901,False,-0.203
2021,AXISBANK.NS,Axis Bank,Banking & Credit,Expansion,0,Global Re-Opening Supercycle,-0.199,0.153,0.037,0.181,1.355,1.25,0.747,0.464,0.462,0.492,0.55,0.494,0.792,0.863,0.862,0.367,0.0603,False,-0.15
2021,BAJFINANCE.NS,Bajaj Finance,NBFC & Consumer Credit,Expansion,0,Global Re-Opening Supercycle,-0.18,0.085,0.078,0.185,1.455,1.1,0.759,0.404,0.522,0.489,0.55,0.517,0.817,0.868,0.849,0.415,0.0625,False,-0.127
2021,TCS.NS,Tata Consultancy Services,IT & Software Services,Expansion,0,Global Re-Opening Supercycle,-0.171,0.088,0.172,0.119,0.029,15.31,0.98,0.171,0.206,0.182,0.55,0.284,0.839,0.854,0.843,0.802,0.07,False,-0.184
2021,INFY.NS,Infosys,IT & Software Services,Expansion,0,Global Re-Opening Supercycle,-0.095,0.056,0.101,0.108,0.031,13.23,0.98,0.144,0.231,0.226,0.55,0.309,0.805,0.85,0.842,0.813,0.0696,False,-0.093
2021,WIPRO.NS,Wipro Ltd,IT & Software Services,Expansion,0,Global Re-Opening Supercycle,-0.105,0.072,0.074,0.109,0.126,7.96,0.98,0.219,0.228,0.23,0.55,0.309,0.81,0.87,0.866,0.844,0.029,False,-0.114
2021,HCLTECH.NS,HCL Technologies,IT & Software Services,Expansion,0,Global Re-Opening Supercycle,-0.147,0.063,0.066,0.028,0.078,11.16,0.98,0.169,0.23,0.258,0.55,0.32,0.846,0.84,0.886,0.809,0.0515,False,-0.141
2021,ITC.NS,ITC Ltd,FMCG & Agri,Expansion,0,Global Re-Opening Supercycle,-0.061,0.032,0.106,0.107,0.01,20.25,0.98,0.487,0.445,0.512,0.55,0.495,0.81,0.848,0.888,0.199,0.2228,True,-0.063
2021,HINDUNILVR.NS,Hindustan Unilever,FMCG,Expansion,0,Global Re-Opening Supercycle,-0.167,0.084,0.134,0.21,0.01,19.61,0.98,0.397,0.357,0.422,0.55,0.428,0.805,0.87,0.882,0.157,0.2278,True,-0.146
2021,SUNPHARMA.NS,Sun Pharma,Pharma & Healthcare,Expansion,0,Global Re-Opening Supercycle,-0.058,0.031,0.137,0.096,0.093,6.48,0.98,0.514,0.515,0.526,0.55,0.528,0.811,0.843,0.873,0.254,0.1854,True,-0.05
2021,CPSEETF.NS,CPSE ETF (PSU Giants),PSU ETF Basket,Expansion,0,Global Re-Opening Supercycle,-0.118,0.069,0.165,0.144,0.729,2.88,0.98,0.835,0.967,0.976,0.9,0.953,0.836,0.839,0.917,0.092,0.2514,True,-0.081
2021,NIFTYBEES.NS,Nifty 50 ETF,Broad Market ETF,Expansion,0,Global Re-Opening Supercycle,-0.195,0.134,0.057,0.178,0.927,2.02,0.882,0.643,0.583,0.626,0.55,0.59,0.824,0.81,0.874,0.341,0.0911,False,-0.183
2021,JUNIORBEES.NS,Nifty Next 50 ETF,Broad Market ETF,Expansion,0,Global Re-Opening Supercycle,-0.069,0.057,0.169,0.18,1.023,2.0,0.926,0.52,0.654,0.663,0.55,0.631,0.84,0.817,0.899,0.446,0.0801,False,-0.061
2021,GOLDBEES.NS,Nippon Gold ETF,Hard Commodity,Expansion,0,Global Re-Opening Supercycle,-0.15,0.072,0.147,0.132,0.01,35.03,0.98,0.95,0.98,0.99,0.55,0.876,0.845,0.885,0.845,0.02,0.3237,True,-0.115
2022,POWERGRID.NS,Power Grid Corp,Power & Grid,Contraction,2,2022-2023 Rate-Hike Bear,-0.374,0.369,-0.07,-0.096,1.654,1.1,0.862,0.835,0.883,0.975,0.9,0.919,0.874,0.951,0.741,0.074,0.1597,True,-0.247
2022,NTPC.NS,NTPC Limited,Power & Grid,Contraction,2,2022-2023 Rate-Hike Bear,-0.386,0.286,-0.183,-0.147,1.743,1.1,0.814,0.834,0.844,0.903,0.9,0.879,0.892,0.936,0.749,0.121,0.1422,True,-0.319
2022,ONGC.NS,ONGC,Oil & Gas / Energy,Contraction,2,2022-2023 Rate-Hike Bear,-0.296,0.279,-0.202,-0.263,0.67,1.44,0.98,0.916,0.92,0.974,0.55,0.846,0.896,0.89,0.746,0.061,0.3613,True,-0.271
2022,COALINDIA.NS,Coal India,Mining & Resources,Contraction,2,2022-2023 Rate-Hike Bear,-0.448,0.368,-0.117,-0.216,0.401,2.8,0.98,0.724,0.752,0.808,0.55,0.721,0.893,0.907,0.733,0.044,0.2736,True,-0.287
2022,RELIANCE.NS,Reliance Industries,Energy & Infrastructure,Contraction,2,2022-2023 Rate-Hike Bear,-0.348,0.239,-0.169,-0.251,0.822,1.26,0.98,0.771,0.896,0.921,0.55,0.818,0.881,0.924,0.753,0.157,0.3466,True,-0.366
2022,TATAPOWER.NS,Tata Power,Power & Grid,Contraction,2,2022-2023 Rate-Hike Bear,-0.271,0.225,-0.1,-0.269,1.638,1.1,0.861,0.752,0.817,0.88,0.9,0.86,0.865,0.939,0.723,0.085,0.1182,True,-0.21
2022,IOC.NS,Indian Oil Corp,Oil & Gas / Energy,Contraction,2,2022-2023 Rate-Hike Bear,-0.336,0.243,-0.208,-0.105,1.221,1.1,0.899,0.732,0.85,0.848,0.55,0.774,0.887,0.914,0.725,0.134,0.3073,True,-0.237
2022,BPCL.NS,Bharat Petroleum,Oil & Gas / Energy,Contraction,2,2022-2023 Rate-Hike Bear,-0.422,0.435,-0.123,-0.085,1.334,1.1,0.883,0.772,0.771,0.831,0.55,0.737,0.869,0.917,0.764,0.104,0.1451,True,-0.414
2022,LT.NS,Larsen & Toubro,Infrastructure,Contraction,2,2022-2023 Rate-Hike Bear,-0.513,0.476,-0.075,-0.256,1.256,1.1,0.931,0.864,0.876,0.931,0.55,0.814,0.855,0.943,0.777,0.086,0.185,True,-0.484
2022,ADANIPORTS.NS,Adani Ports & SEZ,Logistics & Ports,Contraction,2,2022-2023 Rate-Hike Bear,-0.375,0.26,-0.092,-0.172,1.602,1.1,0.817,0.883,0.944,0.99,0.9,0.949,0.897,0.895,0.714,0.097,0.1448,True,-0.271
2022,TATASTEEL.NS,Tata Steel,Metals & Mining,Contraction,2,2022-2023 Rate-Hike Bear,-0.359,0.326,-0.143,-0.107,1.42,1.1,0.92,0.836,0.854,0.93,0.55,0.805,0.905,0.901,0.747,0.085,0.156,True,-0.395
2022,HINDALCO.NS,Hindalco Industries,Metals & Mining,Contraction,2,2022-2023 Rate-Hike Bear,-0.389,0.476,-0.113,-0.235,1.144,1.1,0.904,0.781,0.833,0.921,0.55,0.793,0.884,0.904,0.723,0.081,0.2212,True,-0.337
2022,JSWSTEEL.NS,JSW Steel,Metals & Mining,Contraction,2,2022-2023 Rate-Hike Bear,-0.396,0.462,-0.13,-0.242,1.52,1.1,0.778,0.871,0.918,0.904,0.55,0.821,0.882,0.921,0.784,0.105,0.1429,True,-0.317
2022,ULTRACEMCO.NS,UltraTech Cement,Infrastructure Materials,Contraction,2,2022-2023 Rate-Hike Bear,-0.278,0.292,-0.11,-0.236,0.675,1.79,0.98,0.841,0.833,0.906,0.55,0.788,0.868,0.904,0.768,0.043,0.3196,True,-0.266
2022,GRASIM.NS,Grasim Industries,Infrastructure Materials,Contraction,2,2022-2023 Rate-Hike Bear,-0.23,0.168,-0.185,-0.23,0.867,1.1,0.921,0.706,0.754,0.756,0.55,0.704,0.877,0.93,0.722,0.079,0.3101,True,-0.167
2022,CONCOR.NS,Container Corp of India,Logistics & Ports,Contraction,2,2022-2023 Rate-Hike Bear,-0.307,0.258,-0.087,-0.09,0.288,5.0,0.98,0.741,0.816,0.798,0.9,0.831,0.906,0.953,0.751,0.066,0.3099,True,-0.29
2022,BHARTIARTL.NS,Bharti Airtel,Telecom & Digital Infra,Contraction,2,2022-2023 Rate-Hike Bear,-0.458,0.518,-0.228,-0.236,1.768,1.1,0.845,0.918,0.972,0.99,0.9,0.96,0.887,0.944,0.782,0.192,0.139,True,-0.317
2022,SIEMENS.NS,Siemens India,Capital Goods,Contraction,2,2022-2023 Rate-Hike Bear,-0.336,0.287,-0.151,-0.206,0.23,6.04,0.98,0.645,0.72,0.744,0.55,0.686,0.907,0.897,0.751,0.244,0.2576,True,-0.358
2022,ABB.NS,ABB India,Capital Goods,Contraction,2,2022-2023 Rate-Hike Bear,-0.37,0.302,-0.235,-0.146,0.268,5.7,0.98,0.693,0.693,0.721,0.55,0.667,0.887,0.895,0.748,0.262,0.2464,True,-0.295
2022,BHEL.NS,BHEL,Capital Goods,Contraction,2,2022-2023 Rate-Hike Bear,-0.256,0.292,-0.052,-0.091,0.652,1.1,0.98,0.771,0.745,0.822,0.55,0.723,0.855,0.955,0.739,0.174,0.2107,True,-0.21
2022,SBIN.NS,State Bank of India,Banking & Credit,Contraction,2,2022-2023 Rate-Hike Bear,-0.565,0.481,-0.183,-0.276,1.683,1.1,0.642,0.561,0.546,0.593,0.55,0.563,0.859,0.883,0.748,0.345,0.0394,False,-0.606
2022,HDFCBANK.NS,HDFC Bank,Banking & Credit,Contraction,2,2022-2023 Rate-Hike Bear,-0.45,0.354,-0.083,-0.284,1.523,1.1,0.767,0.539,0.486,0.55,0.55,0.524,0.891,0.923,0.74,0.304,0.0529,False,-0.47
2022,ICICIBANK.NS,ICICI Bank,Banking & Credit,Contraction,2,2022-2023 Rate-Hike Bear,-0.555,0.519,-0.106,-0.137,1.55,1.1,0.727,0.472,0.502,0.536,0.55,0.526,0.853,0.898,0.732,0.315,0.0418,False,-0.37
2022,AXISBANK.NS,Axis Bank,Banking & Credit,Contraction,2,2022-2023 Rate-Hike Bear,-0.512,0.567,-0.102,-0.213,1.674,1.1,0.65,0.469,0.49,0.551,0.55,0.526,0.866,0.91,0.75,0.314,0.0371,False,-0.409
2022,BAJFINANCE.NS,Bajaj Finance,NBFC & Consumer Credit,Contraction,2,2022-2023 Rate-Hike Bear,-0.411,0.344,-0.209,-0.138,1.682,1.1,0.639,0.395,0.488,0.517,0.55,0.514,0.892,0.9,0.782,0.34,0.0446,False,-0.423
2022,TCS.NS,Tata Consultancy Services,IT & Software Services,Contraction,2,2022-2023 Rate-Hike Bear,-0.551,0.395,-0.173,-0.227,0.319,9.17,0.98,0.163,0.204,0.186,0.55,0.284,0.886,0.95,0.714,0.809,-0.0041,False,-0.522
2022,INFY.NS,Infosys,IT & Software Services,Contraction,2,2022-2023 Rate-Hike Bear,-0.536,0.656,-0.153,-0.19,0.271,7.56,0.943,0.144,0.233,0.159,0.55,0.286,0.869,0.891,0.74,0.867,0.0077,False,-0.464
2022,WIPRO.NS,Wipro Ltd,IT & Software Services,Contraction,2,2022-2023 Rate-Hike Bear,-0.509,0.407,-0.061,-0.257,0.409,3.6,0.911,0.149,0.174,0.187,0.55,0.273,0.889,0.945,0.755,0.856,-0.0293,False,-0.315
2022,HCLTECH.NS,HCL Technologies,IT & Software Services,Contraction,2,2022-2023 Rate-Hike Bear,-0.53,0.39,-0.172,-0.265,0.331,5.8,0.9,0.186,0.252,0.265,0.55,0.331,0.874,0.926,0.786,0.737,0.0246,False,-0.405
2022,ITC.NS,ITC Ltd,FMCG & Agri,Contraction,2,2022-2023 Rate-Hike Bear,-0.586,0.564,-0.173,-0.116,0.261,9.26,0.98,0.488,0.478,0.491,0.55,0.501,0.908,0.915,0.741,0.185,0.2594,True,-0.513
2022,HINDUNILVR.NS,Hindustan Unilever,FMCG,Contraction,2,2022-2023 Rate-Hike Bear,-0.444,0.308,-0.181,-0.262,0.243,10.62,0.98,0.387,0.396,0.362,0.55,0.423,0.85,0.916,0.738,0.185,0.207,True,-0.457
2022,SUNPHARMA.NS,Sun Pharma,Pharma & Healthcare,Contraction,2,2022-2023 Rate-Hike Bear,-0.624,0.454,-0.096,-0.198,0.346,3.14,0.98,0.5,0.497,0.532,0.55,0.522,0.893,0.939,0.721,0.297,0.2546,True,-0.438
2022,CPSEETF.NS,CPSE ETF (PSU Giants),PSU ETF Basket,Contraction,2,2022-2023 Rate-Hike Bear,-0.304,0.237,-0.113,-0.296,0.969,1.28,0.92,0.91,0.921,0.99,0.9,0.94,0.869,0.931,0.711,0.02,0.2868,True,-0.286
2022,NIFTYBEES.NS,Nifty 50 ETF,Broad Market ETF,Contraction,2,2022-2023 Rate-Hike Bear,-0.566,0.639,-0.152,-0.131,1.177,1.14,0.903,0.577,0.584,0.695,0.55,0.614,0.863,0.902,0.729,0.399,0.1475,True,-0.502
2022,JUNIORBEES.NS,Nifty Next 50 ETF,Broad Market ETF,Contraction,2,2022-2023 Rate-Hike Bear,-0.471,0.334,-0.053,-0.26,1.343,1.1,0.885,0.634,0.647,0.615,0.55,0.612,0.896,0.907,0.724,0.392,0.0729,False,-0.392
2022,GOLDBEES.NS,Nippon Gold ETF,Hard Commodity,Contraction,2,2022-2023 Rate-Hike Bear,-0.32,0.206,-0.142,-0.131,0.254,20.47,0.98,0.95,0.98,0.99,0.55,0.876,0.855,0.897,0.75,0.02,0.316,True,-0.275
2023,POWERGRID.NS,Power Grid Corp,Power & Grid,Trough,3,2022-2023 Rate-Hike Bear,-0.413,0.267,-0.093,-0.256,1.601,1.1,0.822,0.889,0.967,0.98,0.9,0.955,0.878,0.834,0.785,0.079,0.174,True,-0.377
2023,NTPC.NS,NTPC Limited,Power & Grid,Trough,3,2022-2023 Rate-Hike Bear,-0.234,0.172,-0.131,-0.199,1.749,1.1,0.713,0.889,0.868,0.957,0.9,0.907,0.892,0.808,0.791,0.105,0.1215,True,-0.164
2023,ONGC.NS,ONGC,Oil & Gas / Energy,Trough,3,2022-2023 Rate-Hike Bear,-0.415,0.274,-0.217,-0.081,0.699,1.66,0.98,0.904,0.972,0.99,0.55,0.873,0.877,0.781,0.811,0.034,0.3776,True,-0.417
2023,COALINDIA.NS,Coal India,Mining & Resources,Trough,3,2022-2023 Rate-Hike Bear,-0.27,0.247,-0.132,-0.189,0.406,3.72,0.98,0.775,0.749,0.818,0.55,0.723,0.909,0.858,0.744,0.047,0.2747,True,-0.227
2023,RELIANCE.NS,Reliance Industries,Energy & Infrastructure,Trough,3,2022-2023 Rate-Hike Bear,-0.242,0.167,-0.111,-0.299,0.788,1.14,0.98,0.779,0.896,0.904,0.55,0.812,0.896,0.796,0.813,0.117,0.3002,True,-0.208
2023,TATAPOWER.NS,Tata Power,Power & Grid,Trough,3,2022-2023 Rate-Hike Bear,-0.312,0.251,-0.165,-0.176,1.576,1.1,0.822,0.751,0.796,0.87,0.9,0.848,0.892,0.855,0.744,0.117,0.1379,True,-0.313
2023,IOC.NS,Indian Oil Corp,Oil & Gas / Energy,Trough,3,2022-2023 Rate-Hike Bear,-0.309,0.351,-0.106,-0.15,1.168,1.1,0.938,0.73,0.85,0.876,0.55,0.784,0.92,0.783,0.742,0.077,0.284,True,-0.272
2023,BPCL.NS,Bharat Petroleum,Oil & Gas / Energy,Trough,3,2022-2023 Rate-Hike Bear,-0.442,0.29,-0.231,-0.167,1.392,1.1,0.892,0.68,0.744,0.776,0.55,0.707,0.897,0.855,0.75,0.071,0.1092,True,-0.361
2023,LT.NS,Larsen & Toubro,Infrastructure,Trough,3,2022-2023 Rate-Hike Bear,-0.403,0.252,-0.083,-0.103,1.278,1.1,0.902,0.834,0.864,0.869,0.55,0.787,0.919,0.788,0.758,0.07,0.1322,True,-0.264
2023,ADANIPORTS.NS,Adani Ports & SEZ,Logistics & Ports,Trough,3,2022-2023 Rate-Hike Bear,-0.546,0.411,-0.192,-0.244,1.597,1.1,0.891,0.95,0.98,0.976,0.9,0.959,0.89,0.802,0.781,0.054,0.1897,True,-0.511
2023,TATASTEEL.NS,Tata Steel,Metals & Mining,Trough,3,2022-2023 Rate-Hike Bear,-0.33,0.334,-0.132,-0.174,1.389,1.1,0.814,0.842,0.927,0.967,0.55,0.847,0.899,0.824,0.779,0.087,0.1439,True,-0.216
2023,HINDALCO.NS,Hindalco Industries,Metals & Mining,Trough,3,2022-2023 Rate-Hike Bear,-0.404,0.426,-0.153,-0.117,1.195,1.1,0.842,0.897,0.928,0.889,0.55,0.82,0.927,0.831,0.768,0.1,0.2237,True,-0.426
2023,JSWSTEEL.NS,JSW Steel,Metals & Mining,Trough,3,2022-2023 Rate-Hike Bear,-0.401,0.378,-0.156,-0.12,1.587,1.1,0.788,0.825,0.846,0.96,0.55,0.812,0.877,0.849,0.812,0.145,0.117,True,-0.284
2023,ULTRACEMCO.NS,UltraTech Cement,Infrastructure Materials,Trough,3,2022-2023 Rate-Hike Bear,-0.539,0.41,-0.097,-0.133,0.617,1.57,0.98,0.813,0.838,0.909,0.55,0.791,0.923,0.838,0.814,0.053,0.3844,True,-0.327
2023,GRASIM.NS,Grasim Industries,Infrastructure Materials,Trough,3,2022-2023 Rate-Hike Bear,-0.25,0.31,-0.103,-0.267,0.851,1.1,0.903,0.691,0.724,0.754,0.55,0.691,0.925,0.851,0.792,0.127,0.1756,True,-0.273
2023,CONCOR.NS,Container Corp of India,Logistics & Ports,Trough,3,2022-2023 Rate-Hike Bear,-0.364,0.414,-0.066,-0.269,0.338,5.03,0.98,0.741,0.837,0.819,0.9,0.846,0.883,0.825,0.801,0.092,0.2863,True,-0.219
2023,BHARTIARTL.NS,Bharti Airtel,Telecom & Digital Infra,Trough,3,2022-2023 Rate-Hike Bear,-0.377,0.319,-0.16,-0.129,1.756,1.1,0.831,0.875,0.964,0.961,0.9,0.947,0.902,0.805,0.761,0.134,0.1447,True,-0.27
2023,SIEMENS.NS,Siemens India,Capital Goods,Trough,3,2022-2023 Rate-Hike Bear,-0.241,0.167,-0.123,-0.233,0.235,6.59,0.98,0.73,0.735,0.802,0.55,0.712,0.929,0.802,0.756,0.214,0.2254,True,-0.263
2023,ABB.NS,ABB India,Capital Goods,Trough,3,2022-2023 Rate-Hike Bear,-0.314,0.277,-0.099,-0.25,0.289,5.86,0.98,0.68,0.667,0.757,0.55,0.669,0.883,0.793,0.77,0.275,0.2338,True,-0.249
2023,BHEL.NS,BHEL,Capital Goods,Trough,3,2022-2023 Rate-Hike Bear,-0.226,0.211,-0.109,-0.251,0.679,1.1,0.976,0.71,0.835,0.834,0.55,0.763,0.886,0.821,0.766,0.107,0.2079,True,-0.14
2023,SBIN.NS,State Bank of India,Banking & Credit,Trough,3,2022-2023 Rate-Hike Bear,-0.649,0.462,-0.246,-0.245,1.69,1.1,0.65,0.511,0.538,0.614,0.55,0.568,0.923,0.837,0.746,0.332,0.073,False,-0.664
2023,HDFCBANK.NS,HDFC Bank,Banking & Credit,Trough,3,2022-2023 Rate-Hike Bear,-0.667,0.822,-0.226,-0.157,1.51,1.1,0.826,0.468,0.537,0.547,0.55,0.544,0.904,0.824,0.743,0.317,0.0937,False,-0.533
2023,ICICIBANK.NS,ICICI Bank,Banking & Credit,Trough,3,2022-2023 Rate-Hike Bear,-0.387,0.39,-0.194,-0.288,1.562,1.1,0.785,0.522,0.582,0.563,0.55,0.567,0.918,0.813,0.758,0.283,0.0576,False,-0.394
2023,AXISBANK.NS,Axis Bank,Banking & Credit,Trough,3,2022-2023 Rate-Hike Bear,-0.542,0.504,-0.15,-0.199,1.635,1.1,0.707,0.467,0.546,0.498,0.55,0.53,0.901,0.791,0.781,0.304,0.0353,False,-0.343
2023,BAJFINANCE.NS,Bajaj Finance,NBFC & Consumer Credit,Trough,3,2022-2023 Rate-Hike Bear,-0.552,0.501,-0.122,-0.191,1.756,1.1,0.694,0.477,0.49,0.493,0.55,0.506,0.921,0.85,0.754,0.344,0.0461,False,-0.414
2023,TCS.NS,Tata Consultancy Services,IT & Software Services,Trough,3,2022-2023 Rate-Hike Bear,-0.614,0.622,-0.146,-0.262,0.252,9.04,0.943,0.252,0.232,0.241,0.55,0.315,0.888,0.806,0.753,0.791,0.0368,False,-0.42
2023,INFY.NS,Infosys,IT & Software Services,Trough,3,2022-2023 Rate-Hike Bear,-0.381,0.267,-0.125,-0.231,0.263,7.48,0.98,0.16,0.151,0.204,0.55,0.269,0.903,0.787,0.794,0.873,-0.0204,False,-0.278
2023,WIPRO.NS,Wipro Ltd,IT & Software Services,Trough,3,2022-2023 Rate-Hike Bear,-0.511,0.48,-0.078,-0.196,0.352,4.01,0.98,0.225,0.169,0.19,0.55,0.272,0.918,0.826,0.802,0.863,-0.0096,False,-0.377
2023,HCLTECH.NS,HCL Technologies,IT & Software Services,Trough,3,2022-2023 Rate-Hike Bear,-0.627,0.439,-0.053,-0.296,0.355,4.94,0.962,0.198,0.208,0.279,0.55,0.318,0.912,0.8,0.743,0.77,0.0364,False,-0.38
2023,ITC.NS,ITC Ltd,FMCG & Agri,Trough,3,2022-2023 Rate-Hike Bear,-0.459,0.295,-0.085,-0.291,0.269,10.8,0.98,0.4,0.491,0.509,0.55,0.512,0.898,0.812,0.765,0.145,0.2345,True,-0.375
2023,HINDUNILVR.NS,Hindustan Unilever,FMCG,Trough,3,2022-2023 Rate-Hike Bear,-0.561,0.49,-0.168,-0.218,0.318,8.68,0.98,0.348,0.38,0.411,0.55,0.433,0.926,0.846,0.749,0.141,0.235,True,-0.364
2023,SUNPHARMA.NS,Sun Pharma,Pharma & Healthcare,Trough,3,2022-2023 Rate-Hike Bear,-0.52,0.329,-0.075,-0.221,0.382,3.05,0.98,0.441,0.507,0.564,0.55,0.538,0.873,0.848,0.813,0.282,0.2007,True,-0.571
2023,CPSEETF.NS,CPSE ETF (PSU Giants),PSU ETF Basket,Trough,3,2022-2023 Rate-Hike Bear,-0.228,0.222,-0.059,-0.288,0.976,1.54,0.98,0.848,0.965,0.953,0.9,0.945,0.913,0.823,0.778,0.032,0.2609,True,-0.159
2023,NIFTYBEES.NS,Nifty 50 ETF,Broad Market ETF,Trough,3,2022-2023 Rate-Hike Bear,-0.543,0.551,-0.152,-0.108,1.205,1.1,0.922,0.543,0.6,0.639,0.55,0.601,0.913,0.826,0.747,0.369,0.1411,True,-0.539
2023,JUNIORBEES.NS,Nifty Next 50 ETF,Broad Market ETF,Trough,3,2022-2023 Rate-Hike Bear,-0.633,0.464,-0.069,-0.204,1.275,1.1,0.802,0.623,0.572,0.643,0.55,0.591,0.899,0.854,0.782,0.399,0.0824,False,-0.598
2023,GOLDBEES.NS,Nippon Gold ETF,Hard Commodity,Trough,3,2022-2023 Rate-Hike Bear,-0.517,0.396,-0.074,-0.105,0.211,19.54,0.98,0.929,0.98,0.99,0.55,0.876,0.927,0.849,0.74,0.02,0.3794,True,-0.405
2024,POWERGRID.NS,Power Grid Corp,Power & Grid,Expansion,0,AI Power Grid Supercycle,-0.05,0.027,0.049,0.118,1.374,1.56,0.855,0.929,0.924,0.965,0.9,0.932,0.959,0.822,0.843,0.071,0.1886,True,-0.052
2024,NTPC.NS,NTPC Limited,Power & Grid,Expansion,0,AI Power Grid Supercycle,-0.073,0.038,0.123,0.125,1.421,1.24,0.798,0.907,0.929,0.966,0.9,0.935,0.913,0.82,0.82,0.095,0.1918,True,-0.062
2024,ONGC.NS,ONGC,Oil & Gas / Energy,Expansion,0,AI Power Grid Supercycle,-0.196,0.1,0.118,0.042,0.428,2.86,0.98,0.863,0.98,0.962,0.55,0.866,0.958,0.823,0.799,0.039,0.2975,True,-0.199
2024,COALINDIA.NS,Coal India,Mining & Resources,Expansion,0,AI Power Grid Supercycle,-0.13,0.08,0.145,0.186,0.093,5.67,0.98,0.757,0.756,0.821,0.55,0.727,0.929,0.827,0.788,0.074,0.2677,True,-0.083
2024,RELIANCE.NS,Reliance Industries,Energy & Infrastructure,Expansion,0,AI Power Grid Supercycle,-0.159,0.096,0.131,0.17,0.554,2.21,0.98,0.804,0.84,0.902,0.55,0.789,0.961,0.838,0.801,0.172,0.2172,True,-0.149
2024,TATAPOWER.NS,Tata Power,Power & Grid,Expansion,0,AI Power Grid Supercycle,-0.087,0.048,0.06,0.088,1.325,1.41,0.905,0.854,0.873,0.912,0.9,0.893,0.911,0.802,0.82,0.103,0.2043,True,-0.092
2024,IOC.NS,Indian Oil Corp,Oil & Gas / Energy,Expansion,0,AI Power Grid Supercycle,-0.136,0.059,0.149,0.038,0.928,1.66,0.951,0.763,0.849,0.86,0.55,0.778,0.953,0.795,0.804,0.045,0.2026,True,-0.106
2024,BPCL.NS,Bharat Petroleum,Oil & Gas / Energy,Expansion,0,AI Power Grid Supercycle,-0.248,0.103,0.12,0.078,1.077,1.56,0.959,0.709,0.732,0.842,0.55,0.725,0.925,0.761,0.799,0.064,0.1953,True,-0.169
2024,LT.NS,Larsen & Toubro,Infrastructure,Expansion,0,AI Power Grid Supercycle,-0.102,0.063,0.147,0.101,1.025,1.66,0.916,0.764,0.815,0.864,0.55,0.766,0.937,0.801,0.837,0.097,0.1636,True,-0.09
2024,ADANIPORTS.NS,Adani Ports & SEZ,Logistics & Ports,Expansion,0,AI Power Grid Supercycle,-0.102,0.048,0.105,0.153,1.327,1.27,0.922,0.919,0.978,0.99,0.9,0.963,0.962,0.795,0.813,0.086,0.2138,True,-0.065
2024,TATASTEEL.NS,Tata Steel,Metals & Mining,Expansion,0,AI Power Grid Supercycle,-0.131,0.075,0.073,0.029,1.121,1.21,0.974,0.891,0.948,0.91,0.55,0.835,0.944,0.798,0.788,0.091,0.2042,True,-0.129
2024,HINDALCO.NS,Hindalco Industries,Metals & Mining,Expansion,0,AI Power Grid Supercycle,-0.163,0.095,0.112,0.133,0.891,1.61,0.98,0.884,0.862,0.897,0.55,0.796,0.955,0.801,0.788,0.126,0.1924,True,-0.177
2024,JSWSTEEL.NS,JSW Steel,Metals & Mining,Expansion,0,AI Power Grid Supercycle,-0.08,0.045,0.169,0.134,1.279,1.43,0.827,0.818,0.847,0.951,0.55,0.809,0.948,0.828,0.804,0.085,0.1936,True,-0.084
2024,ULTRACEMCO.NS,UltraTech Cement,Infrastructure Materials,Expansion,0,AI Power Grid Supercycle,-0.156,0.081,0.105,0.078,0.35,3.71,0.98,0.839,0.831,0.919,0.55,0.792,0.915,0.832,0.844,0.034,0.2756,True,-0.142
2024,GRASIM.NS,Grasim Industries,Infrastructure Materials,Expansion,0,AI Power Grid Supercycle,-0.232,0.128,0.051,0.054,0.626,1.93,0.98,0.744,0.761,0.801,0.55,0.722,0.95,0.833,0.812,0.081,0.2322,True,-0.24
2024,CONCOR.NS,Container Corp of India,Logistics & Ports,Expansion,0,AI Power Grid Supercycle,-0.172,0.092,0.169,0.194,0.023,10.0,0.98,0.79,0.762,0.824,0.9,0.818,0.918,0.774,0.809,0.059,0.3243,True,-0.181
2024,BHARTIARTL.NS,Bharti Airtel,Telecom & Digital Infra,Expansion,0,AI Power Grid Supercycle,-0.139,0.064,0.055,0.087,1.45,1.21,0.912,0.883,0.895,0.97,0.9,0.922,0.932,0.837,0.816,0.206,0.1919,True,-0.102
2024,SIEMENS.NS,Siemens India,Capital Goods,Expansion,0,AI Power Grid Supercycle,-0.072,0.031,0.179,0.153,0.01,14.09,0.98,0.753,0.706,0.736,0.55,0.678,0.966,0.826,0.848,0.227,0.2509,True,-0.077
2024,ABB.NS,ABB India,Capital Goods,Expansion,0,AI Power Grid Supercycle,-0.074,0.042,0.114,0.039,0.01,11.65,0.98,0.688,0.711,0.712,0.55,0.671,0.91,0.78,0.836,0.2,0.2654,True,-0.052
2024,BHEL.NS,BHEL,Capital Goods,Expansion,0,AI Power Grid Supercycle,-0.212,0.135,0.096,0.21,0.398,1.1,0.98,0.783,0.825,0.834,0.55,0.759,0.925,0.819,0.815,0.12,0.2426,True,-0.135
2024,SBIN.NS,State Bank of India,Banking & Credit,Expansion,0,AI Power Grid Supercycle,-0.073,0.032,0.175,0.11,1.392,1.16,0.826,0.498,0.623,0.58,0.55,0.59,0.954,0.79,0.795,0.294,0.0689,False,-0.08
2024,HDFCBANK.NS,HDFC Bank,Banking & Credit,Expansion,0,AI Power Grid Supercycle,-0.139,0.088,0.17,0.17,1.229,1.52,0.838,0.505,0.541,0.519,0.55,0.536,0.968,0.763,0.803,0.29,0.0682,False,-0.1
2024,ICICIBANK.NS,ICICI Bank,Banking & Credit,Expansion,0,AI Power Grid Supercycle,-0.176,0.098,0.048,0.143,1.273,1.29,0.813,0.567,0.565,0.564,0.55,0.561,0.932,0.828,0.841,0.321,0.089,False,-0.124
2024,AXISBANK.NS,Axis Bank,Banking & Credit,Expansion,0,AI Power Grid Supercycle,-0.204,0.108,0.092,0.132,1.352,1.22,0.738,0.443,0.471,0.55,0.55,0.518,0.963,0.829,0.816,0.282,0.0931,False,-0.184
2024,BAJFINANCE.NS,Bajaj Finance,NBFC & Consumer Credit,Expansion,0,AI Power Grid Supercycle,-0.182,0.086,0.028,0.096,1.454,1.17,0.694,0.468,0.441,0.515,0.55,0.494,0.952,0.778,0.844,0.393,0.0604,False,-0.141
2024,TCS.NS,Tata Consultancy Services,IT & Software Services,Expansion,0,AI Power Grid Supercycle,-0.207,0.171,0.068,0.167,0.025,16.67,0.98,0.224,0.203,0.196,0.55,0.287,0.958,0.776,0.857,0.82,0.0919,False,-0.197
2024,INFY.NS,Infosys,IT & Software Services,Expansion,0,AI Power Grid Supercycle,-0.093,0.057,0.151,0.037,0.033,12.61,0.98,0.121,0.211,0.186,0.55,0.287,0.92,0.787,0.813,0.835,0.0603,False,-0.06
2024,WIPRO.NS,Wipro Ltd,IT & Software Services,Expansion,0,AI Power Grid Supercycle,-0.192,0.114,0.144,0.135,0.126,8.72,0.947,0.243,0.248,0.176,0.55,0.298,0.949,0.821,0.789,0.913,0.0493,False,-0.171
2024,HCLTECH.NS,HCL Technologies,IT & Software Services,Expansion,0,AI Power Grid Supercycle,-0.059,0.043,0.132,0.116,0.071,11.45,0.98,0.212,0.23,0.206,0.55,0.302,0.912,0.834,0.848,0.782,0.042,False,-0.05
2024,ITC.NS,ITC Ltd,FMCG & Agri,Expansion,0,AI Power Grid Supercycle,-0.12,0.066,0.157,0.109,0.01,20.02,0.98,0.506,0.48,0.526,0.55,0.514,0.962,0.783,0.79,0.186,0.2334,True,-0.125
2024,HINDUNILVR.NS,Hindustan Unilever,FMCG,Expansion,0,AI Power Grid Supercycle,-0.194,0.101,0.133,0.038,0.01,17.15,0.98,0.335,0.38,0.408,0.55,0.432,0.959,0.808,0.856,0.164,0.2142,True,-0.166
2024,SUNPHARMA.NS,Sun Pharma,Pharma & Healthcare,Expansion,0,AI Power Grid Supercycle,-0.237,0.118,0.114,0.069,0.099,7.8,0.98,0.53,0.528,0.539,0.55,0.537,0.965,0.784,0.816,0.254,0.2066,True,-0.253
2024,CPSEETF.NS,CPSE ETF (PSU Giants),PSU ETF Basket,Expansion,0,AI Power Grid Supercycle,-0.239,0.152,0.151,0.027,0.726,2.52,0.98,0.892,0.925,0.984,0.9,0.939,0.961,0.767,0.847,0.046,0.2719,True,-0.162
2024,NIFTYBEES.NS,Nifty 50 ETF,Broad Market ETF,Expansion,0,AI Power Grid Supercycle,-0.092,0.045,0.117,0.096,0.929,1.98,0.858,0.577,0.631,0.667,0.55,0.623,0.938,0.793,0.847,0.323,0.0904,False,-0.085
2024,JUNIORBEES.NS,Nifty Next 50 ETF,Broad Market ETF,Expansion,0,AI Power Grid Supercycle,-0.128,0.082,0.135,0.135,1.028,2.09,0.945,0.529,0.57,0.638,0.55,0.589,0.929,0.762,0.84,0.371,0.1031,True,-0.104
2024,GOLDBEES.NS,Nippon Gold ETF,Hard Commodity,Expansion,0,AI Power Grid Supercycle,-0.163,0.112,0.165,0.052,0.01,39.63,0.98,0.95,0.98,0.99,0.55,0.876,0.912,0.762,0.83,0.026,0.3306,True,-0.124
2025,POWERGRID.NS,Power Grid Corp,Power & Grid,Peak,1,Data Center Infrastructure Surge,-0.216,0.098,0.056,0.027,1.377,1.59,0.805,0.931,0.896,0.99,0.9,0.93,0.982,0.869,0.842,0.07,0.2339,True,-0.222
2025,NTPC.NS,NTPC Limited,Power & Grid,Peak,1,Data Center Infrastructure Surge,-0.22,0.113,0.125,0.051,1.427,1.38,0.853,0.832,0.932,0.908,0.9,0.916,0.953,0.876,0.83,0.097,0.2297,True,-0.181
2025,ONGC.NS,ONGC,Oil & Gas / Energy,Peak,1,Data Center Infrastructure Surge,-0.074,0.044,0.068,0.055,0.421,3.28,0.98,0.908,0.964,0.99,0.55,0.87,0.932,0.803,0.88,0.078,0.257,True,-0.067
2025,COALINDIA.NS,Coal India,Mining & Resources,Peak,1,Data Center Infrastructure Surge,-0.199,0.103,0.105,0.039,0.092,6.44,0.98,0.733,0.83,0.841,0.55,0.764,0.965,0.825,0.814,0.085,0.3081,True,-0.207
2025,RELIANCE.NS,Reliance Industries,Energy & Infrastructure,Peak,1,Data Center Infrastructure Surge,-0.075,0.031,0.127,0.206,0.553,2.14,0.98,0.841,0.907,0.882,0.55,0.809,0.954,0.876,0.866,0.104,0.2441,True,-0.063
2025,TATAPOWER.NS,Tata Power,Power & Grid,Peak,1,Data Center Infrastructure Surge,-0.195,0.162,0.087,0.163,1.325,1.25,0.813,0.796,0.873,0.841,0.9,0.869,0.978,0.876,0.859,0.075,0.2335,True,-0.193
2025,IOC.NS,Indian Oil Corp,Oil & Gas / Energy,Peak,1,Data Center Infrastructure Surge,-0.242,0.142,0.085,0.045,0.924,1.83,0.98,0.805,0.806,0.875,0.55,0.766,0.931,0.811,0.862,0.12,0.2231,True,-0.187
2025,BPCL.NS,Bharat Petroleum,Oil & Gas / Energy,Peak,1,Data Center Infrastructure Surge,-0.078,0.035,0.025,0.029,1.074,1.67,0.863,0.766,0.802,0.781,0.55,0.732,0.933,0.827,0.851,0.103,0.1564,True,-0.082
2025,LT.NS,Larsen & Toubro,Infrastructure,Peak,1,Data Center Infrastructure Surge,-0.224,0.099,0.179,0.079,1.026,1.4,0.917,0.824,0.852,0.884,0.55,0.788,0.953,0.849,0.867,0.109,0.2234,True,-0.197
2025,ADANIPORTS.NS,Adani Ports & SEZ,Logistics & Ports,Peak,1,Data Center Infrastructure Surge,-0.156,0.097,0.132,0.184,1.325,1.35,0.971,0.95,0.92,0.99,0.9,0.94,0.974,0.879,0.832,0.097,0.2325,True,-0.122
2025,TATASTEEL.NS,Tata Steel,Metals & Mining,Peak,1,Data Center Infrastructure Surge,-0.122,0.083,0.025,0.101,1.123,1.24,0.98,0.864,0.882,0.958,0.55,0.826,0.964,0.87,0.884,0.083,0.2119,True,-0.1
2025,HINDALCO.NS,Hindalco Industries,Metals & Mining,Peak,1,Data Center Infrastructure Surge,-0.083,0.048,0.092,0.189,0.893,1.51,0.966,0.856,0.834,0.942,0.55,0.801,0.977,0.823,0.836,0.108,0.1984,True,-0.057
2025,JSWSTEEL.NS,JSW Steel,Metals & Mining,Peak,1,Data Center Infrastructure Surge,-0.207,0.094,0.023,0.151,1.277,1.41,0.923,0.908,0.919,0.97,0.55,0.845,0.958,0.828,0.879,0.135,0.1786,True,-0.187
2025,ULTRACEMCO.NS,UltraTech Cement,Infrastructure Materials,Peak,1,Data Center Infrastructure Surge,-0.117,0.056,0.06,0.078,0.356,3.23,0.98,0.777,0.884,0.854,0.55,0.79,0.98,0.861,0.836,0.073,0.2419,True,-0.082
2025,GRASIM.NS,Grasim Industries,Infrastructure Materials,Peak,1,Data Center Infrastructure Surge,-0.062,0.032,0.116,0.215,0.625,1.83,0.98,0.746,0.8,0.807,0.55,0.74,0.969,0.802,0.868,0.151,0.2012,True,-0.055
2025,CONCOR.NS,Container Corp of India,Logistics & Ports,Peak,1,Data Center Infrastructure Surge,-0.128,0.091,0.053,0.141,0.023,10.32,0.98,0.78,0.776,0.847,0.9,0.832,0.938,0.821,0.877,0.063,0.3212,True,-0.137
2025,BHARTIARTL.NS,Bharti Airtel,Telecom & Digital Infra,Peak,1,Data Center Infrastructure Surge,-0.095,0.063,0.024,0.091,1.458,1.11,0.873,0.911,0.964,0.99,0.9,0.957,0.938,0.857,0.863,0.134,0.2112,True,-0.069
2025,SIEMENS.NS,Siemens India,Capital Goods,Peak,1,Data Center Infrastructure Surge,-0.097,0.041,0.086,0.099,0.01,13.23,0.98,0.693,0.692,0.762,0.55,0.681,0.972,0.875,0.831,0.214,0.28,True,-0.088
2025,ABB.NS,ABB India,Capital Goods,Peak,1,Data Center Infrastructure Surge,-0.158,0.101,0.057,0.194,0.01,11.96,0.98,0.681,0.717,0.778,0.55,0.697,0.94,0.834,0.825,0.267,0.2636,True,-0.123
2025,BHEL.NS,BHEL,Capital Goods,Peak,1,Data Center Infrastructure Surge,-0.184,0.075,0.024,0.089,0.396,1.23,0.98,0.776,0.827,0.857,0.55,0.768,0.984,0.822,0.832,0.12,0.2528,True,-0.151
2025,SBIN.NS,State Bank of India,Banking & Credit,Peak,1,Data Center Infrastructure Surge,-0.22,0.167,0.11,0.034,1.393,1.41,0.817,0.515,0.621,0.586,0.55,0.591,0.938,0.824,0.833,0.31,0.1176,True,-0.216
2025,HDFCBANK.NS,HDFC Bank,Banking & Credit,Peak,1,Data Center Infrastructure Surge,-0.061,0.037,0.09,0.158,1.227,1.36,0.893,0.441,0.563,0.526,0.55,0.547,0.965,0.825,0.854,0.343,0.0558,False,-0.05
2025,ICICIBANK.NS,ICICI Bank,Banking & Credit,Peak,1,Data Center Infrastructure Surge,-0.14,0.104,0.024,0.021,1.275,1.25,0.838,0.486,0.539,0.548,0.55,0.545,0.987,0.811,0.867,0.267,0.0829,False,-0.12
2025,AXISBANK.NS,Axis Bank,Banking & Credit,Peak,1,Data Center Infrastructure Surge,-0.179,0.074,0.116,0.132,1.355,1.39,0.852,0.514,0.514,0.524,0.55,0.526,0.944,0.804,0.886,0.311,0.0818,False,-0.118
2025,BAJFINANCE.NS,Bajaj Finance,NBFC & Consumer Credit,Peak,1,Data Center Infrastructure Surge,-0.217,0.112,0.07,0.047,1.452,1.1,0.803,0.407,0.511,0.513,0.55,0.521,0.982,0.832,0.842,0.347,0.0805,False,-0.225
2025,TCS.NS,Tata Consultancy Services,IT & Software Services,Peak,1,Data Center Infrastructure Surge,-0.171,0.142,0.064,0.136,0.026,18.39,0.98,0.157,0.178,0.249,0.55,0.296,0.978,0.811,0.819,0.862,0.0792,False,-0.153
2025,INFY.NS,Infosys,IT & Software Services,Peak,1,Data Center Infrastructure Surge,-0.166,0.067,0.076,0.204,0.032,14.09,0.98,0.165,0.163,0.216,0.55,0.278,0.986,0.819,0.874,0.843,0.0847,False,-0.137
2025,WIPRO.NS,Wipro Ltd,IT & Software Services,Peak,1,Data Center Infrastructure Surge,-0.129,0.062,0.065,0.111,0.123,7.84,0.973,0.154,0.192,0.229,0.55,0.294,0.933,0.865,0.889,0.871,0.0215,False,-0.088
2025,HCLTECH.NS,HCL Technologies,IT & Software Services,Peak,1,Data Center Infrastructure Surge,-0.185,0.097,0.044,0.105,0.073,11.16,0.98,0.19,0.257,0.257,0.55,0.33,0.983,0.834,0.877,0.789,0.0722,False,-0.165
2025,ITC.NS,ITC Ltd,FMCG & Agri,Peak,1,Data Center Infrastructure Surge,-0.167,0.105,0.168,0.089,0.01,20.94,0.98,0.44,0.43,0.463,0.55,0.472,0.975,0.842,0.866,0.126,0.2639,True,-0.144
2025,HINDUNILVR.NS,Hindustan Unilever,FMCG,Peak,1,Data Center Infrastructure Surge,-0.211,0.105,0.177,0.108,0.01,19.0,0.98,0.371,0.318,0.383,0.55,0.399,0.979,0.841,0.85,0.223,0.2356,True,-0.21
2025,SUNPHARMA.NS,Sun Pharma,Pharma & Healthcare,Peak,1,Data Center Infrastructure Surge,-0.071,0.041,0.023,0.191,0.097,6.93,0.98,0.493,0.523,0.577,0.55,0.549,0.94,0.85,0.812,0.24,0.2252,True,-0.05
2025,CPSEETF.NS,CPSE ETF (PSU Giants),PSU ETF Basket,Peak,1,Data Center Infrastructure Surge,-0.125,0.076,0.128,0.017,0.726,2.71,0.98,0.924,0.898,0.934,0.9,0.911,0.938,0.855,0.827,0.096,0.2228,True,-0.088
2025,NIFTYBEES.NS,Nifty 50 ETF,Broad Market ETF,Peak,1,Data Center Infrastructure Surge,-0.187,0.082,0.117,0.092,0.92,2.12,0.952,0.562,0.641,0.678,0.55,0.631,0.963,0.846,0.823,0.34,0.1262,True,-0.15
2025,JUNIORBEES.NS,Nifty Next 50 ETF,Broad Market ETF,Peak,1,Data Center Infrastructure Surge,-0.141,0.074,0.029,0.094,1.022,1.86,0.96,0.555,0.601,0.661,0.55,0.609,0.946,0.88,0.835,0.438,0.105,True,-0.109
2025,GOLDBEES.NS,Nippon Gold ETF,Hard Commodity,Peak,1,Data Center Infrastructure Surge,-0.242,0.122,0.157,0.09,0.01,39.28,0.98,0.939,0.98,0.99,0.55,0.876,0.974,0.85,0.84,0.02,0.3752,True,-0.249
2026,POWERGRID.NS,Power Grid Corp,Power & Grid,Expansion,0,Physical Moat Hegemony,-0.228,0.1,0.109,0.155,1.373,1.29,0.831,0.828,0.931,0.989,0.9,0.944,1.008,0.847,0.922,0.02,0.2419,True,-0.234
2026,NTPC.NS,NTPC Limited,Power & Grid,Expansion,0,Physical Moat Hegemony,-0.088,0.048,0.092,0.099,1.421,1.37,0.872,0.875,0.926,0.905,0.9,0.912,0.981,0.916,0.894,0.125,0.1873,True,-0.085
2026,ONGC.NS,ONGC,Oil & Gas / Energy,Expansion,0,Physical Moat Hegemony,-0.226,0.098,0.086,0.063,0.422,3.22,0.98,0.908,0.98,0.99,0.55,0.876,1.002,0.875,0.915,0.036,0.278,True,-0.192
2026,COALINDIA.NS,Coal India,Mining & Resources,Expansion,0,Physical Moat Hegemony,-0.094,0.067,0.124,0.203,0.099,6.97,0.98,0.743,0.746,0.808,0.55,0.719,0.991,0.905,0.859,0.02,0.3124,True,-0.09
2026,RELIANCE.NS,Reliance Industries,Energy & Infrastructure,Expansion,0,Physical Moat Hegemony,-0.155,0.065,0.074,0.072,0.554,2.34,0.98,0.765,0.889,0.916,0.55,0.814,1.002,0.904,0.891,0.113,0.2362,True,-0.144
2026,TATAPOWER.NS,Tata Power,Power & Grid,Expansion,0,Physical Moat Hegemony,-0.18,0.127,0.025,0.091,1.326,1.35,0.94,0.837,0.828,0.903,0.9,0.872,1.004,0.859,0.867,0.147,0.1837,True,-0.179
2026,IOC.NS,Indian Oil Corp,Oil & Gas / Energy,Expansion,0,Physical Moat Hegemony,-0.237,0.187,0.038,0.025,0.927,1.49,0.98,0.737,0.824,0.84,0.55,0.761,0.996,0.879,0.877,0.082,0.2388,True,-0.25
2026,BPCL.NS,Bharat Petroleum,Oil & Gas / Energy,Expansion,0,Physical Moat Hegemony,-0.154,0.089,0.178,0.182,1.073,1.65,0.888,0.726,0.788,0.824,0.55,0.741,0.976,0.898,0.872,0.06,0.1931,True,-0.123
2026,LT.NS,Larsen & Toubro,Infrastructure,Expansion,0,Physical Moat Hegemony,-0.072,0.036,0.172,0.22,1.03,1.77,0.925,0.83,0.818,0.876,0.55,0.771,0.972,0.864,0.919,0.17,0.1766,True,-0.072
2026,ADANIPORTS.NS,Adani Ports & SEZ,Logistics & Ports,Expansion,0,Physical Moat Hegemony,-0.183,0.132,0.057,0.2,1.322,1.24,0.911,0.95,0.98,0.974,0.9,0.958,0.952,0.858,0.875,0.072,0.2318,True,-0.13
2026,TATASTEEL.NS,Tata Steel,Metals & Mining,Expansion,0,Physical Moat Hegemony,-0.238,0.111,0.073,0.147,1.128,1.29,0.933,0.833,0.948,0.943,0.55,0.847,0.967,0.886,0.912,0.123,0.2098,True,-0.183
2026,HINDALCO.NS,Hindalco Industries,Metals & Mining,Expansion,0,Physical Moat Hegemony,-0.229,0.139,0.044,0.144,0.895,1.87,0.98,0.791,0.845,0.924,0.55,0.799,1.007,0.92,0.88,0.1,0.247,True,-0.151
2026,JSWSTEEL.NS,JSW Steel,Metals & Mining,Expansion,0,Physical Moat Hegemony,-0.199,0.124,0.039,0.192,1.273,1.23,0.847,0.838,0.85,0.951,0.55,0.81,0.98,0.886,0.896,0.091,0.1925,True,-0.194
2026,ULTRACEMCO.NS,UltraTech Cement,Infrastructure Materials,Expansion,0,Physical Moat Hegemony,-0.16,0.075,0.12,0.145,0.359,2.92,0.98,0.765,0.821,0.878,0.55,0.773,0.993,0.863,0.876,0.064,0.2576,True,-0.175
2026,GRASIM.NS,Grasim Industries,Infrastructure Materials,Expansion,0,Physical Moat Hegemony,-0.143,0.062,0.138,0.055,0.622,1.88,0.945,0.665,0.73,0.761,0.55,0.696,0.974,0.881,0.915,0.144,0.2189,True,-0.122
2026,CONCOR.NS,Container Corp of India,Logistics & Ports,Expansion,0,Physical Moat Hegemony,-0.199,0.157,0.022,0.015,0.023,7.95,0.98,0.73,0.791,0.847,0.9,0.838,0.951,0.849,0.869,0.052,0.3599,True,-0.15
2026,BHARTIARTL.NS,Bharti Airtel,Telecom & Digital Infra,Expansion,0,Physical Moat Hegemony,-0.107,0.05,0.127,0.193,1.459,1.17,0.913,0.901,0.904,0.973,0.9,0.927,1.002,0.886,0.884,0.194,0.2043,True,-0.065
2026,SIEMENS.NS,Siemens India,Capital Goods,Expansion,0,Physical Moat Hegemony,-0.223,0.13,0.048,0.086,0.01,11.4,0.98,0.745,0.708,0.768,0.55,0.69,0.972,0.919,0.93,0.181,0.3097,True,-0.14
2026,ABB.NS,ABB India,Capital Goods,Expansion,0,Physical Moat Hegemony,-0.202,0.108,0.111,0.057,0.01,10.16,0.98,0.733,0.683,0.721,0.55,0.663,0.995,0.865,0.924,0.256,0.2722,True,-0.201
2026,BHEL.NS,BHEL,Capital Goods,Expansion,0,Physical Moat Hegemony,-0.159,0.071,0.143,0.203,0.392,1.1,0.98,0.802,0.754,0.788,0.55,0.715,0.982,0.848,0.897,0.168,0.2106,True,-0.109
2026,SBIN.NS,State Bank of India,Banking & Credit,Expansion,0,Physical Moat Hegemony,-0.069,0.031,0.07,0.214,1.4,1.3,0.849,0.57,0.626,0.57,0.55,0.587,0.967,0.911,0.92,0.326,0.0908,False,-0.05
2026,HDFCBANK.NS,HDFC Bank,Banking & Credit,Expansion,0,Physical Moat Hegemony,-0.088,0.036,0.146,0.037,1.225,1.41,0.866,0.531,0.566,0.511,0.55,0.543,0.955,0.842,0.9,0.333,0.0996,False,-0.07
2026,ICICIBANK.NS,ICICI Bank,Banking & Credit,Expansion,0,Physical Moat Hegemony,-0.123,0.053,0.098,0.056,1.277,1.46,0.863,0.572,0.576,0.566,0.55,0.566,0.96,0.84,0.907,0.271,0.0896,False,-0.092
2026,AXISBANK.NS,Axis Bank,Banking & Credit,Expansion,0,Physical Moat Hegemony,-0.183,0.115,0.031,0.198,1.354,1.19,0.809,0.427,0.466,0.528,0.55,0.509,0.992,0.85,0.855,0.377,0.0858,False,-0.148
2026,BAJFINANCE.NS,Bajaj Finance,NBFC & Consumer Credit,Expansion,0,Physical Moat Hegemony,-0.065,0.033,0.053,0.203,1.453,1.2,0.794,0.447,0.465,0.456,0.55,0.483,1.005,0.919,0.92,0.43,0.0383,False,-0.066
2026,TCS.NS,Tata Consultancy Services,IT & Software Services,Expansion,0,Physical Moat Hegemony,-0.249,0.203,0.095,0.06,0.022,14.89,0.98,0.258,0.19,0.25,0.55,0.301,0.991,0.885,0.856,0.786,0.1015,True,-0.173
2026,INFY.NS,Infosys,IT & Software Services,Expansion,0,Physical Moat Hegemony,-0.202,0.087,0.168,0.184,0.032,14.04,0.972,0.178,0.15,0.168,0.55,0.256,0.97,0.862,0.894,0.872,0.0862,False,-0.134
2026,WIPRO.NS,Wipro Ltd,IT & Software Services,Expansion,0,Physical Moat Hegemony,-0.148,0.062,0.175,0.188,0.13,8.38,0.98,0.232,0.217,0.245,0.55,0.31,0.969,0.856,0.894,0.875,0.0634,False,-0.096
2026,HCLTECH.NS,HCL Technologies,IT & Software Services,Expansion,0,Physical Moat Hegemony,-0.218,0.094,0.092,0.203,0.077,11.62,0.971,0.198,0.22,0.252,0.55,0.314,0.978,0.862,0.861,0.73,0.0997,False,-0.142
2026,ITC.NS,ITC Ltd,FMCG & Agri,Expansion,0,Physical Moat Hegemony,-0.23,0.164,0.174,0.018,0.01,22.18,0.98,0.411,0.5,0.531,0.55,0.523,1.009,0.84,0.92,0.131,0.2873,True,-0.174
2026,HINDUNILVR.NS,Hindustan Unilever,FMCG,Expansion,0,Physical Moat Hegemony,-0.164,0.07,0.092,0.216,0.01,17.31,0.98,0.383,0.37,0.419,0.55,0.432,1.008,0.866,0.921,0.215,0.215,True,-0.15
2026,SUNPHARMA.NS,Sun Pharma,Pharma & Healthcare,Expansion,0,Physical Moat Hegemony,-0.079,0.032,0.09,0.023,0.099,7.53,0.98,0.448,0.515,0.556,0.55,0.538,0.995,0.885,0.886,0.231,0.2149,True,-0.061
2026,CPSEETF.NS,CPSE ETF (PSU Giants),PSU ETF Basket,Expansion,0,Physical Moat Hegemony,-0.139,0.095,0.12,0.085,0.722,2.92,0.98,0.885,0.898,0.99,0.9,0.931,1.001,0.876,0.908,0.02,0.2654,True,-0.152
2026,NIFTYBEES.NS,Nifty 50 ETF,Broad Market ETF,Expansion,0,Physical Moat Hegemony,-0.1,0.054,0.15,0.102,0.922,1.94,0.884,0.58,0.645,0.681,0.55,0.634,0.957,0.885,0.926,0.379,0.1185,True,-0.092
2026,JUNIORBEES.NS,Nifty Next 50 ETF,Broad Market ETF,Expansion,0,Physical Moat Hegemony,-0.157,0.09,0.044,0.211,1.021,1.83,0.863,0.637,0.645,0.624,0.55,0.614,0.974,0.91,0.865,0.405,0.0944,False,-0.154
2026,GOLDBEES.NS,Nippon Gold ETF,Hard Commodity,Expansion,0,Physical Moat Hegemony,-0.125,0.065,0.118,0.125,0.01,36.98,0.98,0.945,0.98,0.99,0.55,0.876,0.966,0.86,0.861,0.045,0.3485,True,-0.087
